#date=2022/01/30 18:19:42;source=MUSIALv2.0;reference=TP0548;samples=74;variantPositions=122
Position	PT_SIF0857	Q3	SHC-0	PT_SIF1348	PT_SIF0697	CZ33	PT_SIF1142	PT_SIF1020	PT_SIF1063	PT_SIF1140	PT_SIF1261	PT_SIF1183	GHA1	NE20	PT_SIF0877_3	A2_2	A2_1	GRA2	SHG-I2	AR2	SS14	SHD-R	PT_SIF1278	PT_SIF1156	PT_SIF1196	B3	NE17	NE19	NE12	NE13	NE14	NE15	SamoaD	PT_SIF0954	AU17	PT_SIF1127	AU15	AU16	PT_SIF0751	AU13	K3	BAL73	PT_SIF1002	PT_SIF1167	PT_SIF1200	PT_SIF1242	SW1	UW1	C3	PT_SIF1280	SW4	SW6	SW8	PT_SIF0908	Dallas	SEA86	CZ27	P3	Chicago	PT_SIF1135	MexicoA	PT_SIF1299	SHE-V	Seattle81	BosniaA	PT_SIF1252	Gauthier	NIC1	NIC2	CDC2	IND1	SAM1	BAL3	Fribourg
593414																																	QUALITY=377.77;COVERAGE=9.0;FREQUENCY=1.0																																		QUALITY=377.77;COVERAGE=9.0;FREQUENCY=1.0			QUALITY=1140.77;COVERAGE=26.0;FREQUENCY=1.0		QUALITY=727.77;COVERAGE=18.0;FREQUENCY=0.94		
593416+1																																	QUALITY=359.74;COVERAGE=7.0;FREQUENCY=1.0																																							QUALITY=714.73;COVERAGE=17.0;FREQUENCY=0.94		
593416+2																																	QUALITY=359.74;COVERAGE=7.0;FREQUENCY=1.0																																							QUALITY=714.73;COVERAGE=17.0;FREQUENCY=0.94		
593416+3																																	QUALITY=359.74;COVERAGE=7.0;FREQUENCY=1.0																																							QUALITY=714.73;COVERAGE=17.0;FREQUENCY=0.94		
593417																																																																			QUALITY=359.74;COVERAGE=7.0;FREQUENCY=1.0			QUALITY=1092.77;COVERAGE=23.0;FREQUENCY=1.0				
593418																																																																			QUALITY=359.74;COVERAGE=7.0;FREQUENCY=1.0			QUALITY=1049.77;COVERAGE=23.0;FREQUENCY=1.0				
593419																																	QUALITY=241.84;COVERAGE=6.0;FREQUENCY=1.0																																							QUALITY=646.77;COVERAGE=16.0;FREQUENCY=0.94		
593421																																	QUALITY=241.84;COVERAGE=6.0;FREQUENCY=1.0																																							QUALITY=646.77;COVERAGE=16.0;FREQUENCY=0.94		
593421+1	QUALITY=1042.73;COVERAGE=26.0;FREQUENCY=0.92	QUALITY=6783.73;COVERAGE=156.0;FREQUENCY=0.97	QUALITY=6731.73;COVERAGE=155.0;FREQUENCY=0.98		QUALITY=1177.73;COVERAGE=28.0;FREQUENCY=0.96			QUALITY=5603.73;COVERAGE=133.0;FREQUENCY=0.95	QUALITY=1222.73;COVERAGE=30.0;FREQUENCY=0.93			QUALITY=2478.73;COVERAGE=64.0;FREQUENCY=0.53				QUALITY=187.87;COVERAGE=5.0;FREQUENCY=1.0		QUALITY=232.8;COVERAGE=5.0;FREQUENCY=1.0		QUALITY=997.73;COVERAGE=25.0;FREQUENCY=0.92	QUALITY=3960.73;COVERAGE=94.0;FREQUENCY=0.95	QUALITY=6952.73;COVERAGE=160.0;FREQUENCY=0.97		QUALITY=16634.73;COVERAGE=368.0;FREQUENCY=0.99	QUALITY=13054.73;COVERAGE=292.0;FREQUENCY=0.98	QUALITY=277.77;COVERAGE=7.0;FREQUENCY=1.0															QUALITY=3382.73;COVERAGE=77.0;FREQUENCY=0.99		QUALITY=4732.73;COVERAGE=108.0;FREQUENCY=0.99	QUALITY=817.73;COVERAGE=19.0;FREQUENCY=1.0		QUALITY=8568.73;COVERAGE=193.0;FREQUENCY=0.99			QUALITY=2662.73;COVERAGE=61.0;FREQUENCY=0.98		QUALITY=232.8;COVERAGE=6.0;FREQUENCY=1.0	QUALITY=438.73;COVERAGE=11.0;FREQUENCY=1.0		QUALITY=412.74;COVERAGE=10.0;FREQUENCY=1.0				QUALITY=7983.73;COVERAGE=192.0;FREQUENCY=0.93		QUALITY=682.73;COVERAGE=16.0;FREQUENCY=1.0			QUALITY=2205.73;COVERAGE=51.0;FREQUENCY=0.98				QUALITY=232.8;COVERAGE=6.0;FREQUENCY=1.0							
593421+2	QUALITY=1042.73;COVERAGE=26.0;FREQUENCY=0.92	QUALITY=6783.73;COVERAGE=156.0;FREQUENCY=0.97	QUALITY=6731.73;COVERAGE=155.0;FREQUENCY=0.98		QUALITY=1177.73;COVERAGE=28.0;FREQUENCY=0.96			QUALITY=5603.73;COVERAGE=133.0;FREQUENCY=0.95	QUALITY=1222.73;COVERAGE=30.0;FREQUENCY=0.93			QUALITY=2478.73;COVERAGE=64.0;FREQUENCY=0.53				QUALITY=187.87;COVERAGE=5.0;FREQUENCY=1.0		QUALITY=232.8;COVERAGE=5.0;FREQUENCY=1.0		QUALITY=997.73;COVERAGE=25.0;FREQUENCY=0.92	QUALITY=3960.73;COVERAGE=94.0;FREQUENCY=0.95	QUALITY=6952.73;COVERAGE=160.0;FREQUENCY=0.97		QUALITY=16634.73;COVERAGE=368.0;FREQUENCY=0.99	QUALITY=13054.73;COVERAGE=292.0;FREQUENCY=0.98	QUALITY=277.77;COVERAGE=7.0;FREQUENCY=1.0															QUALITY=3382.73;COVERAGE=77.0;FREQUENCY=0.99		QUALITY=4732.73;COVERAGE=108.0;FREQUENCY=0.99	QUALITY=817.73;COVERAGE=19.0;FREQUENCY=1.0		QUALITY=8568.73;COVERAGE=193.0;FREQUENCY=0.99			QUALITY=2662.73;COVERAGE=61.0;FREQUENCY=0.98		QUALITY=232.8;COVERAGE=6.0;FREQUENCY=1.0	QUALITY=438.73;COVERAGE=11.0;FREQUENCY=1.0		QUALITY=412.74;COVERAGE=10.0;FREQUENCY=1.0				QUALITY=7983.73;COVERAGE=192.0;FREQUENCY=0.93		QUALITY=682.73;COVERAGE=16.0;FREQUENCY=1.0			QUALITY=2205.73;COVERAGE=51.0;FREQUENCY=0.98				QUALITY=232.8;COVERAGE=6.0;FREQUENCY=1.0							
593421+3	QUALITY=1042.73;COVERAGE=26.0;FREQUENCY=0.92	QUALITY=6783.73;COVERAGE=156.0;FREQUENCY=0.97	QUALITY=6731.73;COVERAGE=155.0;FREQUENCY=0.98		QUALITY=1177.73;COVERAGE=28.0;FREQUENCY=0.96			QUALITY=5603.73;COVERAGE=133.0;FREQUENCY=0.95	QUALITY=1222.73;COVERAGE=30.0;FREQUENCY=0.93			QUALITY=2478.73;COVERAGE=64.0;FREQUENCY=0.53				QUALITY=187.87;COVERAGE=5.0;FREQUENCY=1.0		QUALITY=232.8;COVERAGE=5.0;FREQUENCY=1.0		QUALITY=997.73;COVERAGE=25.0;FREQUENCY=0.92	QUALITY=3960.73;COVERAGE=94.0;FREQUENCY=0.95	QUALITY=6952.73;COVERAGE=160.0;FREQUENCY=0.97		QUALITY=16634.73;COVERAGE=368.0;FREQUENCY=0.99	QUALITY=13054.73;COVERAGE=292.0;FREQUENCY=0.98	QUALITY=277.77;COVERAGE=7.0;FREQUENCY=1.0															QUALITY=3382.73;COVERAGE=77.0;FREQUENCY=0.99		QUALITY=4732.73;COVERAGE=108.0;FREQUENCY=0.99	QUALITY=817.73;COVERAGE=19.0;FREQUENCY=1.0		QUALITY=8568.73;COVERAGE=193.0;FREQUENCY=0.99			QUALITY=2662.73;COVERAGE=61.0;FREQUENCY=0.98		QUALITY=232.8;COVERAGE=6.0;FREQUENCY=1.0	QUALITY=438.73;COVERAGE=11.0;FREQUENCY=1.0		QUALITY=412.74;COVERAGE=10.0;FREQUENCY=1.0				QUALITY=7983.73;COVERAGE=192.0;FREQUENCY=0.93		QUALITY=682.73;COVERAGE=16.0;FREQUENCY=1.0			QUALITY=2205.73;COVERAGE=51.0;FREQUENCY=0.98				QUALITY=232.8;COVERAGE=6.0;FREQUENCY=1.0							
593421+4																																																																			QUALITY=232.8;COVERAGE=6.0;FREQUENCY=1.0							
593421+5																																																																			QUALITY=232.8;COVERAGE=6.0;FREQUENCY=1.0							
593422																																																									QUALITY=2478.73;COVERAGE=61.0;FREQUENCY=0.51													QUALITY=1006.77;COVERAGE=23.0;FREQUENCY=1.0				
593423																																																									QUALITY=2478.73;COVERAGE=61.0;FREQUENCY=0.51																	
593424				QUALITY=466.77;COVERAGE=11.0;FREQUENCY=1.0			QUALITY=556.77;COVERAGE=13.0;FREQUENCY=1.0			QUALITY=196.9;COVERAGE=5.0;FREQUENCY=1.0	QUALITY=3298.77;COVERAGE=76.0;FREQUENCY=0.99				QUALITY=1726.77;COVERAGE=39.0;FREQUENCY=1.0								QUALITY=511.77;COVERAGE=12.0;FREQUENCY=1.0				QUALITY=871.77;COVERAGE=20.0;FREQUENCY=1.0						QUALITY=241.84;COVERAGE=6.0;FREQUENCY=1.0	QUALITY=2446.77;COVERAGE=55.0;FREQUENCY=1.0		QUALITY=466.77;COVERAGE=11.0;FREQUENCY=1.0	QUALITY=871.8;COVERAGE=22.0;FREQUENCY=0.95	QUALITY=196.9;COVERAGE=5.0;FREQUENCY=1.0	QUALITY=556.77;COVERAGE=13.0;FREQUENCY=1.0						QUALITY=2086.77;COVERAGE=47.0;FREQUENCY=1.0		QUALITY=601.77;COVERAGE=14.0;FREQUENCY=1.0			QUALITY=4209.73;COVERAGE=95.0;FREQUENCY=1.0	QUALITY=241.84;COVERAGE=6.0;FREQUENCY=1.0		QUALITY=466.77;COVERAGE=11.0;FREQUENCY=1.0				QUALITY=2478.73;COVERAGE=61.0;FREQUENCY=0.51				QUALITY=2356.77;COVERAGE=53.0;FREQUENCY=1.0	QUALITY=376.78;COVERAGE=9.0;FREQUENCY=1.0				QUALITY=4426.77;COVERAGE=99.0;FREQUENCY=1.0						QUALITY=646.77;COVERAGE=16.0;FREQUENCY=0.94		
593425																																																									QUALITY=2478.73;COVERAGE=61.0;FREQUENCY=0.51													QUALITY=997.73;COVERAGE=23.0;FREQUENCY=1.0				
593426																																																									QUALITY=2478.73;COVERAGE=61.0;FREQUENCY=0.51													QUALITY=997.73;COVERAGE=23.0;FREQUENCY=1.0				
593427																																																									QUALITY=2478.73;COVERAGE=61.0;FREQUENCY=0.51													QUALITY=997.73;COVERAGE=23.0;FREQUENCY=1.0				
593428																																																									QUALITY=2478.73;COVERAGE=61.0;FREQUENCY=0.51													QUALITY=997.73;COVERAGE=23.0;FREQUENCY=1.0				
593429																																																									QUALITY=2478.73;COVERAGE=61.0;FREQUENCY=0.51							QUALITY=4550.77;COVERAGE=100.0;FREQUENCY=1.0			QUALITY=232.8;COVERAGE=6.0;FREQUENCY=1.0							
593430																																	QUALITY=277.77;COVERAGE=6.0;FREQUENCY=1.0																								QUALITY=2478.73;COVERAGE=61.0;FREQUENCY=0.51										QUALITY=232.8;COVERAGE=6.0;FREQUENCY=1.0					QUALITY=907.73;COVERAGE=16.0;FREQUENCY=0.94		
593431																																	QUALITY=277.77;COVERAGE=6.0;FREQUENCY=1.0																																					QUALITY=1051.77;COVERAGE=23.0;FREQUENCY=1.0		QUALITY=907.73;COVERAGE=16.0;FREQUENCY=0.94		
593432																																	QUALITY=277.77;COVERAGE=6.0;FREQUENCY=1.0																																							QUALITY=907.73;COVERAGE=16.0;FREQUENCY=0.94		
593433																																	QUALITY=277.77;COVERAGE=6.0;FREQUENCY=1.0																																		QUALITY=232.8;COVERAGE=6.0;FREQUENCY=1.0			QUALITY=1132.73;COVERAGE=24.0;FREQUENCY=1.0		QUALITY=907.73;COVERAGE=16.0;FREQUENCY=0.94		
593434																																	QUALITY=277.77;COVERAGE=6.0;FREQUENCY=1.0																																		QUALITY=232.8;COVERAGE=6.0;FREQUENCY=1.0			QUALITY=1132.73;COVERAGE=24.0;FREQUENCY=1.0		QUALITY=907.73;COVERAGE=16.0;FREQUENCY=0.94		
593435																																	QUALITY=277.77;COVERAGE=6.0;FREQUENCY=1.0																																		QUALITY=232.8;COVERAGE=6.0;FREQUENCY=1.0					QUALITY=907.73;COVERAGE=16.0;FREQUENCY=0.94		
593436				QUALITY=457.73;COVERAGE=11.0;FREQUENCY=1.0			QUALITY=547.73;COVERAGE=13.0;FREQUENCY=1.0				QUALITY=3382.73;COVERAGE=76.0;FREQUENCY=1.0	QUALITY=2421.73;COVERAGE=57.0;FREQUENCY=0.96			QUALITY=1461.73;COVERAGE=36.0;FREQUENCY=0.94								QUALITY=457.73;COVERAGE=11.0;FREQUENCY=1.0	QUALITY=15602.73;COVERAGE=344.0;FREQUENCY=1.0	QUALITY=12652.73;COVERAGE=280.0;FREQUENCY=1.0		QUALITY=798.73;COVERAGE=19.0;FREQUENCY=1.0						QUALITY=277.77;COVERAGE=6.0;FREQUENCY=1.0	QUALITY=2152.73;COVERAGE=54.0;FREQUENCY=0.91		QUALITY=412.74;COVERAGE=10.0;FREQUENCY=1.0	QUALITY=899.73;COVERAGE=21.0;FREQUENCY=1.0	QUALITY=187.87;COVERAGE=5.0;FREQUENCY=1.0	QUALITY=547.73;COVERAGE=13.0;FREQUENCY=1.0				QUALITY=3726.73;COVERAGE=90.0;FREQUENCY=0.93		QUALITY=1942.73;COVERAGE=44.0;FREQUENCY=1.0	QUALITY=7702.73;COVERAGE=170.0;FREQUENCY=1.0	QUALITY=457.73;COVERAGE=11.0;FREQUENCY=1.0			QUALITY=4164.73;COVERAGE=91.0;FREQUENCY=1.0	QUALITY=232.8;COVERAGE=6.0;FREQUENCY=1.0		QUALITY=359.74;COVERAGE=9.0;FREQUENCY=1.0	QUALITY=412.74;COVERAGE=10.0;FREQUENCY=1.0							QUALITY=2111.73;COVERAGE=49.0;FREQUENCY=0.98	QUALITY=367.74;COVERAGE=9.0;FREQUENCY=1.0	QUALITY=2056.73;COVERAGE=49.0;FREQUENCY=0.96			QUALITY=4092.73;COVERAGE=95.0;FREQUENCY=0.97	QUALITY=232.8;COVERAGE=6.0;FREQUENCY=1.0					QUALITY=907.73;COVERAGE=16.0;FREQUENCY=0.94		
593437				QUALITY=457.73;COVERAGE=11.0;FREQUENCY=1.0			QUALITY=547.73;COVERAGE=13.0;FREQUENCY=1.0				QUALITY=3382.73;COVERAGE=76.0;FREQUENCY=1.0	QUALITY=2421.73;COVERAGE=57.0;FREQUENCY=0.96			QUALITY=1461.73;COVERAGE=36.0;FREQUENCY=0.94								QUALITY=457.73;COVERAGE=11.0;FREQUENCY=1.0	QUALITY=15602.73;COVERAGE=344.0;FREQUENCY=1.0	QUALITY=12652.73;COVERAGE=280.0;FREQUENCY=1.0		QUALITY=798.73;COVERAGE=19.0;FREQUENCY=1.0						QUALITY=277.77;COVERAGE=6.0;FREQUENCY=1.0	QUALITY=2152.73;COVERAGE=54.0;FREQUENCY=0.91		QUALITY=412.74;COVERAGE=10.0;FREQUENCY=1.0	QUALITY=899.73;COVERAGE=21.0;FREQUENCY=1.0	QUALITY=187.87;COVERAGE=5.0;FREQUENCY=1.0	QUALITY=547.73;COVERAGE=13.0;FREQUENCY=1.0				QUALITY=3726.73;COVERAGE=90.0;FREQUENCY=0.93		QUALITY=1942.73;COVERAGE=44.0;FREQUENCY=1.0	QUALITY=7702.73;COVERAGE=170.0;FREQUENCY=1.0	QUALITY=457.73;COVERAGE=11.0;FREQUENCY=1.0			QUALITY=4164.73;COVERAGE=91.0;FREQUENCY=1.0	QUALITY=232.8;COVERAGE=6.0;FREQUENCY=1.0		QUALITY=359.74;COVERAGE=9.0;FREQUENCY=1.0	QUALITY=412.74;COVERAGE=10.0;FREQUENCY=1.0							QUALITY=2111.73;COVERAGE=49.0;FREQUENCY=0.98	QUALITY=367.74;COVERAGE=9.0;FREQUENCY=1.0	QUALITY=2056.73;COVERAGE=49.0;FREQUENCY=0.96			QUALITY=4092.73;COVERAGE=95.0;FREQUENCY=0.97						QUALITY=907.73;COVERAGE=16.0;FREQUENCY=0.94		
593438				QUALITY=457.73;COVERAGE=11.0;FREQUENCY=1.0			QUALITY=547.73;COVERAGE=13.0;FREQUENCY=1.0				QUALITY=3382.73;COVERAGE=76.0;FREQUENCY=1.0	QUALITY=2421.73;COVERAGE=57.0;FREQUENCY=0.96			QUALITY=1461.73;COVERAGE=36.0;FREQUENCY=0.94								QUALITY=457.73;COVERAGE=11.0;FREQUENCY=1.0	QUALITY=15602.73;COVERAGE=344.0;FREQUENCY=1.0	QUALITY=12652.73;COVERAGE=280.0;FREQUENCY=1.0		QUALITY=798.73;COVERAGE=19.0;FREQUENCY=1.0						QUALITY=277.77;COVERAGE=6.0;FREQUENCY=1.0	QUALITY=2152.73;COVERAGE=54.0;FREQUENCY=0.91		QUALITY=412.74;COVERAGE=10.0;FREQUENCY=1.0	QUALITY=899.73;COVERAGE=21.0;FREQUENCY=1.0	QUALITY=187.87;COVERAGE=5.0;FREQUENCY=1.0	QUALITY=547.73;COVERAGE=13.0;FREQUENCY=1.0				QUALITY=3726.73;COVERAGE=90.0;FREQUENCY=0.93		QUALITY=1942.73;COVERAGE=44.0;FREQUENCY=1.0	QUALITY=7702.73;COVERAGE=170.0;FREQUENCY=1.0	QUALITY=457.73;COVERAGE=11.0;FREQUENCY=1.0			QUALITY=4164.73;COVERAGE=91.0;FREQUENCY=1.0	QUALITY=232.8;COVERAGE=6.0;FREQUENCY=1.0		QUALITY=359.74;COVERAGE=9.0;FREQUENCY=1.0	QUALITY=412.74;COVERAGE=10.0;FREQUENCY=1.0							QUALITY=2111.73;COVERAGE=49.0;FREQUENCY=0.98	QUALITY=367.74;COVERAGE=9.0;FREQUENCY=1.0	QUALITY=2056.73;COVERAGE=49.0;FREQUENCY=0.96			QUALITY=4092.73;COVERAGE=95.0;FREQUENCY=0.97						QUALITY=907.73;COVERAGE=16.0;FREQUENCY=0.94		
593439														QUALITY=924.77;COVERAGE=24.0;FREQUENCY=1.0																			QUALITY=331.78;COVERAGE=6.0;FREQUENCY=1.0																							QUALITY=230.84;COVERAGE=6.0;FREQUENCY=1.0								QUALITY=4551.77;COVERAGE=100.0;FREQUENCY=1.0	QUALITY=4435.77;COVERAGE=100.0;FREQUENCY=1.0		QUALITY=277.77;COVERAGE=6.0;FREQUENCY=1.0					QUALITY=1411.77;COVERAGE=16.0;FREQUENCY=0.94	QUALITY=531.77;COVERAGE=14.0;FREQUENCY=1.0	
593440																																																																			QUALITY=277.77;COVERAGE=6.0;FREQUENCY=1.0							
593441																																																																			QUALITY=277.77;COVERAGE=6.0;FREQUENCY=1.0			QUALITY=1366.77;COVERAGE=29.0;FREQUENCY=1.0				
593442+1	QUALITY=854.73;COVERAGE=19.0;FREQUENCY=1.0	QUALITY=5227.73;COVERAGE=113.0;FREQUENCY=1.0	QUALITY=5801.73;COVERAGE=124.0;FREQUENCY=0.99	QUALITY=457.73;COVERAGE=11.0;FREQUENCY=1.0	QUALITY=979.73;COVERAGE=21.0;FREQUENCY=1.0		QUALITY=592.73;COVERAGE=13.0;FREQUENCY=1.0	QUALITY=4107.73;COVERAGE=87.0;FREQUENCY=1.0	QUALITY=997.73;COVERAGE=23.0;FREQUENCY=1.0		QUALITY=3382.73;COVERAGE=74.0;FREQUENCY=1.0	QUALITY=2437.73;COVERAGE=54.0;FREQUENCY=1.0			QUALITY=1424.73;COVERAGE=30.0;FREQUENCY=1.0				QUALITY=727.73;COVERAGE=18.0;FREQUENCY=0.94	QUALITY=682.73;COVERAGE=16.0;FREQUENCY=1.0	QUALITY=2521.73;COVERAGE=54.0;FREQUENCY=1.0	QUALITY=5893.73;COVERAGE=129.0;FREQUENCY=1.0	QUALITY=457.73;COVERAGE=11.0;FREQUENCY=1.0	QUALITY=12832.73;COVERAGE=284.0;FREQUENCY=1.0	QUALITY=10762.73;COVERAGE=236.0;FREQUENCY=1.0	QUALITY=232.8;COVERAGE=5.0;FREQUENCY=1.0	QUALITY=843.73;COVERAGE=17.0;FREQUENCY=1.0							QUALITY=2160.73;COVERAGE=47.0;FREQUENCY=1.0	QUALITY=322.75;COVERAGE=8.0;FREQUENCY=1.0	QUALITY=457.73;COVERAGE=10.0;FREQUENCY=1.0	QUALITY=862.73;COVERAGE=20.0;FREQUENCY=1.0	QUALITY=232.8;COVERAGE=5.0;FREQUENCY=1.0	QUALITY=547.73;COVERAGE=13.0;FREQUENCY=1.0		QUALITY=2609.73;COVERAGE=57.0;FREQUENCY=1.0		QUALITY=3733.73;COVERAGE=82.0;FREQUENCY=1.0	QUALITY=583.73;COVERAGE=13.0;FREQUENCY=1.0	QUALITY=1942.73;COVERAGE=41.0;FREQUENCY=1.0	QUALITY=6037.73;COVERAGE=134.0;FREQUENCY=1.0	QUALITY=457.73;COVERAGE=11.0;FREQUENCY=1.0		QUALITY=2077.73;COVERAGE=45.0;FREQUENCY=1.0	QUALITY=3922.73;COVERAGE=88.0;FREQUENCY=1.0	QUALITY=232.8;COVERAGE=6.0;FREQUENCY=1.0	QUALITY=187.87;COVERAGE=5.0;FREQUENCY=1.0	QUALITY=367.74;COVERAGE=8.0;FREQUENCY=1.0	QUALITY=412.74;COVERAGE=10.0;FREQUENCY=1.0				QUALITY=5981.73;COVERAGE=130.0;FREQUENCY=0.97		QUALITY=412.74;COVERAGE=10.0;FREQUENCY=1.0	QUALITY=2161.73;COVERAGE=46.0;FREQUENCY=1.0	QUALITY=367.74;COVERAGE=9.0;FREQUENCY=1.0	QUALITY=2032.73;COVERAGE=45.0;FREQUENCY=1.0			QUALITY=4092.73;COVERAGE=91.0;FREQUENCY=1.0								
593442+2	QUALITY=854.73;COVERAGE=19.0;FREQUENCY=1.0	QUALITY=5227.73;COVERAGE=113.0;FREQUENCY=1.0	QUALITY=5801.73;COVERAGE=124.0;FREQUENCY=0.99	QUALITY=457.73;COVERAGE=11.0;FREQUENCY=1.0	QUALITY=979.73;COVERAGE=21.0;FREQUENCY=1.0		QUALITY=592.73;COVERAGE=13.0;FREQUENCY=1.0	QUALITY=4107.73;COVERAGE=87.0;FREQUENCY=1.0	QUALITY=997.73;COVERAGE=23.0;FREQUENCY=1.0		QUALITY=3382.73;COVERAGE=74.0;FREQUENCY=1.0	QUALITY=2437.73;COVERAGE=54.0;FREQUENCY=1.0			QUALITY=1424.73;COVERAGE=30.0;FREQUENCY=1.0				QUALITY=727.73;COVERAGE=18.0;FREQUENCY=0.94	QUALITY=682.73;COVERAGE=16.0;FREQUENCY=1.0	QUALITY=2521.73;COVERAGE=54.0;FREQUENCY=1.0	QUALITY=5893.73;COVERAGE=129.0;FREQUENCY=1.0	QUALITY=457.73;COVERAGE=11.0;FREQUENCY=1.0	QUALITY=12832.73;COVERAGE=284.0;FREQUENCY=1.0	QUALITY=10762.73;COVERAGE=236.0;FREQUENCY=1.0	QUALITY=232.8;COVERAGE=5.0;FREQUENCY=1.0	QUALITY=843.73;COVERAGE=17.0;FREQUENCY=1.0							QUALITY=2160.73;COVERAGE=47.0;FREQUENCY=1.0	QUALITY=322.75;COVERAGE=8.0;FREQUENCY=1.0	QUALITY=457.73;COVERAGE=10.0;FREQUENCY=1.0	QUALITY=862.73;COVERAGE=20.0;FREQUENCY=1.0	QUALITY=232.8;COVERAGE=5.0;FREQUENCY=1.0	QUALITY=547.73;COVERAGE=13.0;FREQUENCY=1.0		QUALITY=2609.73;COVERAGE=57.0;FREQUENCY=1.0		QUALITY=3733.73;COVERAGE=82.0;FREQUENCY=1.0	QUALITY=583.73;COVERAGE=13.0;FREQUENCY=1.0	QUALITY=1942.73;COVERAGE=41.0;FREQUENCY=1.0	QUALITY=6037.73;COVERAGE=134.0;FREQUENCY=1.0	QUALITY=457.73;COVERAGE=11.0;FREQUENCY=1.0		QUALITY=2077.73;COVERAGE=45.0;FREQUENCY=1.0	QUALITY=3922.73;COVERAGE=88.0;FREQUENCY=1.0	QUALITY=232.8;COVERAGE=6.0;FREQUENCY=1.0	QUALITY=187.87;COVERAGE=5.0;FREQUENCY=1.0	QUALITY=367.74;COVERAGE=8.0;FREQUENCY=1.0	QUALITY=412.74;COVERAGE=10.0;FREQUENCY=1.0				QUALITY=5981.73;COVERAGE=130.0;FREQUENCY=0.97		QUALITY=412.74;COVERAGE=10.0;FREQUENCY=1.0	QUALITY=2161.73;COVERAGE=46.0;FREQUENCY=1.0	QUALITY=367.74;COVERAGE=9.0;FREQUENCY=1.0	QUALITY=2032.73;COVERAGE=45.0;FREQUENCY=1.0			QUALITY=4092.73;COVERAGE=91.0;FREQUENCY=1.0								
593442+3	QUALITY=854.73;COVERAGE=19.0;FREQUENCY=1.0	QUALITY=5227.73;COVERAGE=113.0;FREQUENCY=1.0	QUALITY=5801.73;COVERAGE=124.0;FREQUENCY=0.99	QUALITY=457.73;COVERAGE=11.0;FREQUENCY=1.0	QUALITY=979.73;COVERAGE=21.0;FREQUENCY=1.0		QUALITY=592.73;COVERAGE=13.0;FREQUENCY=1.0	QUALITY=4107.73;COVERAGE=87.0;FREQUENCY=1.0	QUALITY=997.73;COVERAGE=23.0;FREQUENCY=1.0		QUALITY=3382.73;COVERAGE=74.0;FREQUENCY=1.0	QUALITY=2437.73;COVERAGE=54.0;FREQUENCY=1.0			QUALITY=1424.73;COVERAGE=30.0;FREQUENCY=1.0				QUALITY=727.73;COVERAGE=18.0;FREQUENCY=0.94	QUALITY=682.73;COVERAGE=16.0;FREQUENCY=1.0	QUALITY=2521.73;COVERAGE=54.0;FREQUENCY=1.0	QUALITY=5893.73;COVERAGE=129.0;FREQUENCY=1.0	QUALITY=457.73;COVERAGE=11.0;FREQUENCY=1.0	QUALITY=12832.73;COVERAGE=284.0;FREQUENCY=1.0	QUALITY=10762.73;COVERAGE=236.0;FREQUENCY=1.0	QUALITY=232.8;COVERAGE=5.0;FREQUENCY=1.0	QUALITY=843.73;COVERAGE=17.0;FREQUENCY=1.0							QUALITY=2160.73;COVERAGE=47.0;FREQUENCY=1.0	QUALITY=322.75;COVERAGE=8.0;FREQUENCY=1.0	QUALITY=457.73;COVERAGE=10.0;FREQUENCY=1.0	QUALITY=862.73;COVERAGE=20.0;FREQUENCY=1.0	QUALITY=232.8;COVERAGE=5.0;FREQUENCY=1.0	QUALITY=547.73;COVERAGE=13.0;FREQUENCY=1.0		QUALITY=2609.73;COVERAGE=57.0;FREQUENCY=1.0		QUALITY=3733.73;COVERAGE=82.0;FREQUENCY=1.0	QUALITY=583.73;COVERAGE=13.0;FREQUENCY=1.0	QUALITY=1942.73;COVERAGE=41.0;FREQUENCY=1.0	QUALITY=6037.73;COVERAGE=134.0;FREQUENCY=1.0	QUALITY=457.73;COVERAGE=11.0;FREQUENCY=1.0		QUALITY=2077.73;COVERAGE=45.0;FREQUENCY=1.0	QUALITY=3922.73;COVERAGE=88.0;FREQUENCY=1.0	QUALITY=232.8;COVERAGE=6.0;FREQUENCY=1.0	QUALITY=187.87;COVERAGE=5.0;FREQUENCY=1.0	QUALITY=367.74;COVERAGE=8.0;FREQUENCY=1.0	QUALITY=412.74;COVERAGE=10.0;FREQUENCY=1.0				QUALITY=5981.73;COVERAGE=130.0;FREQUENCY=0.97		QUALITY=412.74;COVERAGE=10.0;FREQUENCY=1.0	QUALITY=2161.73;COVERAGE=46.0;FREQUENCY=1.0	QUALITY=367.74;COVERAGE=9.0;FREQUENCY=1.0	QUALITY=2032.73;COVERAGE=45.0;FREQUENCY=1.0			QUALITY=4092.73;COVERAGE=91.0;FREQUENCY=1.0								
593444	QUALITY=1170.77;COVERAGE=19.0;FREQUENCY=1.0	QUALITY=7281.77;COVERAGE=117.0;FREQUENCY=1.0	QUALITY=7420.77;COVERAGE=130.0;FREQUENCY=0.99	QUALITY=630.77;COVERAGE=11.0;FREQUENCY=1.0	QUALITY=1214.77;COVERAGE=21.0;FREQUENCY=1.0		QUALITY=730.77;COVERAGE=14.0;FREQUENCY=1.0	QUALITY=4696.77;COVERAGE=88.0;FREQUENCY=1.0	QUALITY=1273.77;COVERAGE=23.0;FREQUENCY=1.0		QUALITY=4175.77;COVERAGE=74.0;FREQUENCY=1.0	QUALITY=3225.77;COVERAGE=55.0;FREQUENCY=1.0			QUALITY=1681.77;COVERAGE=30.0;FREQUENCY=1.0				QUALITY=1052.77;COVERAGE=18.0;FREQUENCY=0.94	QUALITY=822.77;COVERAGE=16.0;FREQUENCY=1.0	QUALITY=3789.77;COVERAGE=56.0;FREQUENCY=1.0	QUALITY=7956.77;COVERAGE=131.0;FREQUENCY=1.0	QUALITY=552.77;COVERAGE=11.0;FREQUENCY=1.0	QUALITY=15113.77;COVERAGE=285.0;FREQUENCY=1.0	QUALITY=12830.77;COVERAGE=238.0;FREQUENCY=1.0	QUALITY=417.77;COVERAGE=6.0;FREQUENCY=1.0	QUALITY=1141.77;COVERAGE=18.0;FREQUENCY=1.0						QUALITY=466.77;COVERAGE=9.0;FREQUENCY=1.0	QUALITY=2739.77;COVERAGE=48.0;FREQUENCY=1.0	QUALITY=376.78;COVERAGE=8.0;FREQUENCY=1.0	QUALITY=723.77;COVERAGE=11.0;FREQUENCY=1.0	QUALITY=1498.77;COVERAGE=20.0;FREQUENCY=1.0	QUALITY=577.77;COVERAGE=6.0;FREQUENCY=1.0	QUALITY=854.77;COVERAGE=13.0;FREQUENCY=1.0		QUALITY=3713.77;COVERAGE=58.0;FREQUENCY=1.0		QUALITY=4730.77;COVERAGE=83.0;FREQUENCY=1.0	QUALITY=858.77;COVERAGE=13.0;FREQUENCY=1.0	QUALITY=2402.77;COVERAGE=42.0;FREQUENCY=1.0	QUALITY=6976.77;COVERAGE=134.0;FREQUENCY=1.0	QUALITY=646.77;COVERAGE=11.0;FREQUENCY=1.0		QUALITY=2925.77;COVERAGE=47.0;FREQUENCY=1.0	QUALITY=5023.73;COVERAGE=89.0;FREQUENCY=1.0	QUALITY=340.78;COVERAGE=6.0;FREQUENCY=1.0	QUALITY=286.8;COVERAGE=5.0;FREQUENCY=1.0	QUALITY=815.77;COVERAGE=9.0;FREQUENCY=1.0	QUALITY=500.77;COVERAGE=10.0;FREQUENCY=1.0				QUALITY=7733.77;COVERAGE=137.0;FREQUENCY=0.97		QUALITY=507.77;COVERAGE=10.0;FREQUENCY=1.0	QUALITY=3787.77;COVERAGE=48.0;FREQUENCY=1.0	QUALITY=464.77;COVERAGE=9.0;FREQUENCY=1.0	QUALITY=2413.77;COVERAGE=46.0;FREQUENCY=1.0			QUALITY=5810.77;COVERAGE=91.0;FREQUENCY=1.0	QUALITY=376.78;COVERAGE=7.0;FREQUENCY=1.0			QUALITY=3253.77;COVERAGE=32.0;FREQUENCY=1.0		QUALITY=2086.77;COVERAGE=39.0;FREQUENCY=0.97		
593448																																	QUALITY=601.77;COVERAGE=12.0;FREQUENCY=1.0																																		QUALITY=511.77;COVERAGE=10.0;FREQUENCY=1.0				QUALITY=421.77;COVERAGE=10.0;FREQUENCY=1.0	QUALITY=2449.77;COVERAGE=50.0;FREQUENCY=0.98		
593452	QUALITY=1209.77;COVERAGE=28.0;FREQUENCY=1.0	QUALITY=7550.77;COVERAGE=171.0;FREQUENCY=1.0	QUALITY=7851.77;COVERAGE=180.0;FREQUENCY=0.99	QUALITY=640.77;COVERAGE=16.0;FREQUENCY=1.0	QUALITY=1214.77;COVERAGE=28.0;FREQUENCY=1.0		QUALITY=770.77;COVERAGE=18.0;FREQUENCY=1.0	QUALITY=4901.77;COVERAGE=111.0;FREQUENCY=1.0	QUALITY=1310.77;COVERAGE=31.0;FREQUENCY=1.0	QUALITY=185.9;COVERAGE=5.0;FREQUENCY=1.0	QUALITY=4214.77;COVERAGE=98.0;FREQUENCY=1.0	QUALITY=3422.77;COVERAGE=78.0;FREQUENCY=1.0			QUALITY=1720.77;COVERAGE=40.0;FREQUENCY=1.0			QUALITY=286.78;COVERAGE=8.0;FREQUENCY=1.0	QUALITY=1052.77;COVERAGE=26.0;FREQUENCY=0.96	QUALITY=979.77;COVERAGE=23.0;FREQUENCY=1.0	QUALITY=4052.77;COVERAGE=91.0;FREQUENCY=1.0	QUALITY=8670.77;COVERAGE=199.0;FREQUENCY=1.0	QUALITY=552.77;COVERAGE=13.0;FREQUENCY=1.0	QUALITY=15414.77;COVERAGE=351.0;FREQUENCY=1.0	QUALITY=13053.77;COVERAGE=296.0;FREQUENCY=1.0	QUALITY=427.77;COVERAGE=11.0;FREQUENCY=1.0	QUALITY=1335.77;COVERAGE=31.0;FREQUENCY=1.0	QUALITY=196.9;COVERAGE=5.0;FREQUENCY=1.0		QUALITY=231.84;COVERAGE=6.0;FREQUENCY=1.0		QUALITY=187.9;COVERAGE=5.0;FREQUENCY=1.0	QUALITY=692.77;COVERAGE=16.0;FREQUENCY=1.0	QUALITY=2896.77;COVERAGE=66.0;FREQUENCY=1.0	QUALITY=415.77;COVERAGE=10.0;FREQUENCY=1.0	QUALITY=804.77;COVERAGE=19.0;FREQUENCY=1.0	QUALITY=1575.77;COVERAGE=37.0;FREQUENCY=1.0	QUALITY=616.77;COVERAGE=15.0;FREQUENCY=1.0	QUALITY=935.77;COVERAGE=22.0;FREQUENCY=1.0		QUALITY=3826.77;COVERAGE=87.0;FREQUENCY=1.0		QUALITY=4927.77;COVERAGE=114.0;FREQUENCY=1.0	QUALITY=935.77;COVERAGE=22.0;FREQUENCY=1.0	QUALITY=2515.77;COVERAGE=59.0;FREQUENCY=0.98	QUALITY=7168.77;COVERAGE=164.0;FREQUENCY=1.0	QUALITY=646.77;COVERAGE=15.0;FREQUENCY=1.0		QUALITY=3004.77;COVERAGE=68.0;FREQUENCY=1.0	QUALITY=5411.77;COVERAGE=125.0;FREQUENCY=1.0	QUALITY=340.78;COVERAGE=9.0;FREQUENCY=1.0	QUALITY=313.78;COVERAGE=8.0;FREQUENCY=1.0	QUALITY=1010.77;COVERAGE=24.0;FREQUENCY=1.0	QUALITY=614.77;COVERAGE=15.0;FREQUENCY=1.0			QUALITY=8275.77;COVERAGE=187.0;FREQUENCY=1.0	QUALITY=8395.77;COVERAGE=197.0;FREQUENCY=0.98		QUALITY=507.77;COVERAGE=12.0;FREQUENCY=1.0	QUALITY=4050.77;COVERAGE=91.0;FREQUENCY=1.0	QUALITY=464.77;COVERAGE=11.0;FREQUENCY=1.0	QUALITY=2538.77;COVERAGE=59.0;FREQUENCY=1.0			QUALITY=6250.77;COVERAGE=144.0;FREQUENCY=1.0	QUALITY=602.77;COVERAGE=14.0;FREQUENCY=1.0			QUALITY=3516.77;COVERAGE=79.0;FREQUENCY=1.0	QUALITY=421.77;COVERAGE=10.0;FREQUENCY=1.0	QUALITY=2753.77;COVERAGE=65.0;FREQUENCY=1.0		
593477														QUALITY=873.77;COVERAGE=22.0;FREQUENCY=1.0																																										QUALITY=291.78;COVERAGE=8.0;FREQUENCY=1.0																		
593563	QUALITY=2052.77;COVERAGE=50.0;FREQUENCY=1.0	QUALITY=12559.77;COVERAGE=292.0;FREQUENCY=1.0	QUALITY=10562.77;COVERAGE=298.0;FREQUENCY=0.99	QUALITY=811.77;COVERAGE=20.0;FREQUENCY=1.0	QUALITY=1549.77;COVERAGE=38.0;FREQUENCY=1.0		QUALITY=1170.77;COVERAGE=31.0;FREQUENCY=1.0	QUALITY=7303.77;COVERAGE=172.0;FREQUENCY=1.0	QUALITY=1293.77;COVERAGE=31.0;FREQUENCY=1.0	QUALITY=152.9;COVERAGE=5.0;FREQUENCY=1.0	QUALITY=5929.77;COVERAGE=144.0;FREQUENCY=1.0	QUALITY=3748.77;COVERAGE=89.0;FREQUENCY=1.0			QUALITY=2976.77;COVERAGE=73.0;FREQUENCY=1.0	QUALITY=381.77;COVERAGE=10.0;FREQUENCY=1.0	QUALITY=167.84;COVERAGE=6.0;FREQUENCY=1.0		QUALITY=3252.77;COVERAGE=94.0;FREQUENCY=0.98	QUALITY=934.77;COVERAGE=26.0;FREQUENCY=0.96	QUALITY=4434.77;COVERAGE=100.0;FREQUENCY=1.0	QUALITY=11857.77;COVERAGE=327.0;FREQUENCY=0.99	QUALITY=1046.77;COVERAGE=26.0;FREQUENCY=1.0	QUALITY=16743.77;COVERAGE=409.0;FREQUENCY=0.99	QUALITY=13327.77;COVERAGE=325.0;FREQUENCY=1.0	QUALITY=1154.77;COVERAGE=29.0;FREQUENCY=1.0	QUALITY=1704.77;COVERAGE=43.0;FREQUENCY=1.0			QUALITY=213.84;COVERAGE=6.0;FREQUENCY=1.0		QUALITY=472.77;COVERAGE=12.0;FREQUENCY=1.0		QUALITY=4075.77;COVERAGE=98.0;FREQUENCY=1.0		QUALITY=1068.77;COVERAGE=27.0;FREQUENCY=1.0	QUALITY=1469.77;COVERAGE=41.0;FREQUENCY=0.95		QUALITY=1256.77;COVERAGE=30.0;FREQUENCY=1.0		QUALITY=7566.77;COVERAGE=177.0;FREQUENCY=1.0		QUALITY=7695.77;COVERAGE=185.0;FREQUENCY=1.0	QUALITY=1995.77;COVERAGE=47.0;FREQUENCY=1.0	QUALITY=3806.77;COVERAGE=97.0;FREQUENCY=1.0	QUALITY=7654.77;COVERAGE=189.0;FREQUENCY=1.0	QUALITY=571.77;COVERAGE=16.0;FREQUENCY=0.94		QUALITY=5207.77;COVERAGE=126.0;FREQUENCY=1.0	QUALITY=7241.77;COVERAGE=179.0;FREQUENCY=0.99	QUALITY=501.77;COVERAGE=14.0;FREQUENCY=1.0	QUALITY=447.77;COVERAGE=12.0;FREQUENCY=1.0	QUALITY=1193.78;COVERAGE=35.0;FREQUENCY=0.91	QUALITY=523.77;COVERAGE=13.0;FREQUENCY=1.0				QUALITY=11897.77;COVERAGE=343.0;FREQUENCY=0.98		QUALITY=1110.77;COVERAGE=28.0;FREQUENCY=1.0	QUALITY=4434.77;COVERAGE=100.0;FREQUENCY=1.0	QUALITY=868.77;COVERAGE=22.0;FREQUENCY=1.0	QUALITY=4979.77;COVERAGE=136.0;FREQUENCY=0.99			QUALITY=8360.77;COVERAGE=199.0;FREQUENCY=1.0								
593653																																																																	QUALITY=4434.77;COVERAGE=100.0;FREQUENCY=1.0									
593686	QUALITY=1526.77;COVERAGE=38.0;FREQUENCY=1.0	QUALITY=7988.77;COVERAGE=185.0;FREQUENCY=1.0	QUALITY=6422.77;COVERAGE=164.0;FREQUENCY=0.99	QUALITY=1044.77;COVERAGE=26.0;FREQUENCY=1.0	QUALITY=1436.77;COVERAGE=35.0;FREQUENCY=1.0		QUALITY=1402.77;COVERAGE=35.0;FREQUENCY=1.0	QUALITY=7892.77;COVERAGE=190.0;FREQUENCY=1.0	QUALITY=1472.77;COVERAGE=36.0;FREQUENCY=1.0	QUALITY=224.84;COVERAGE=6.0;FREQUENCY=1.0	QUALITY=8684.77;COVERAGE=212.0;FREQUENCY=1.0	QUALITY=3538.77;COVERAGE=87.0;FREQUENCY=1.0			QUALITY=4177.77;COVERAGE=100.0;FREQUENCY=1.0	QUALITY=367.78;COVERAGE=9.0;FREQUENCY=1.0			QUALITY=1717.77;COVERAGE=45.0;FREQUENCY=1.0	QUALITY=1104.77;COVERAGE=31.0;FREQUENCY=0.97	QUALITY=4439.77;COVERAGE=100.0;FREQUENCY=1.0	QUALITY=7097.77;COVERAGE=186.0;FREQUENCY=0.97	QUALITY=1389.77;COVERAGE=34.0;FREQUENCY=1.0	QUALITY=20228.77;COVERAGE=495.0;FREQUENCY=1.0	QUALITY=20938.77;COVERAGE=510.0;FREQUENCY=1.0	QUALITY=941.77;COVERAGE=22.0;FREQUENCY=1.0	QUALITY=1022.77;COVERAGE=26.0;FREQUENCY=1.0		QUALITY=168.9;COVERAGE=5.0;FREQUENCY=1.0			QUALITY=229.84;COVERAGE=6.0;FREQUENCY=1.0		QUALITY=4139.77;COVERAGE=101.0;FREQUENCY=1.0	QUALITY=335.77;COVERAGE=10.0;FREQUENCY=1.0	QUALITY=866.77;COVERAGE=22.0;FREQUENCY=1.0	QUALITY=1289.77;COVERAGE=37.0;FREQUENCY=0.97	QUALITY=483.77;COVERAGE=14.0;FREQUENCY=0.93	QUALITY=1506.77;COVERAGE=36.0;FREQUENCY=1.0		QUALITY=4644.77;COVERAGE=109.0;FREQUENCY=1.0		QUALITY=7882.77;COVERAGE=190.0;FREQUENCY=1.0	QUALITY=2527.77;COVERAGE=61.0;FREQUENCY=1.0	QUALITY=2069.77;COVERAGE=60.0;FREQUENCY=0.97	QUALITY=8930.77;COVERAGE=221.0;FREQUENCY=1.0	QUALITY=963.77;COVERAGE=25.0;FREQUENCY=1.0		QUALITY=3193.77;COVERAGE=77.0;FREQUENCY=1.0	QUALITY=7806.77;COVERAGE=198.0;FREQUENCY=0.99	QUALITY=441.77;COVERAGE=12.0;FREQUENCY=1.0	QUALITY=193.9;COVERAGE=5.0;FREQUENCY=1.0	QUALITY=548.56;COVERAGE=16.0;FREQUENCY=0.94	QUALITY=523.77;COVERAGE=14.0;FREQUENCY=0.93				QUALITY=7063.77;COVERAGE=192.0;FREQUENCY=0.97		QUALITY=1528.77;COVERAGE=37.0;FREQUENCY=1.0	QUALITY=4439.77;COVERAGE=100.0;FREQUENCY=1.0	QUALITY=1233.77;COVERAGE=31.0;FREQUENCY=1.0	QUALITY=2620.77;COVERAGE=73.0;FREQUENCY=1.0			QUALITY=8669.77;COVERAGE=211.0;FREQUENCY=1.0								
593708																																	QUALITY=4435.77;COVERAGE=100.0;FREQUENCY=1.0																																							QUALITY=11836.77;COVERAGE=296.0;FREQUENCY=0.98		
593710																																																																	QUALITY=4361.77;COVERAGE=100.0;FREQUENCY=1.0									
593732+1											QUALITY=7699.73;COVERAGE=189.0;FREQUENCY=0.92												QUALITY=861.73;COVERAGE=22.0;FREQUENCY=0.91	QUALITY=18320.73;COVERAGE=437.0;FREQUENCY=0.94	QUALITY=22253.73;COVERAGE=519.0;FREQUENCY=0.96																				QUALITY=1195.73;COVERAGE=30.0;FREQUENCY=0.93	QUALITY=8092.73;COVERAGE=196.0;FREQUENCY=0.92				QUALITY=6065.73;COVERAGE=146.0;FREQUENCY=0.95																								
593732+2											QUALITY=7699.73;COVERAGE=189.0;FREQUENCY=0.92												QUALITY=861.73;COVERAGE=22.0;FREQUENCY=0.91	QUALITY=18320.73;COVERAGE=437.0;FREQUENCY=0.94	QUALITY=22253.73;COVERAGE=519.0;FREQUENCY=0.96																				QUALITY=1195.73;COVERAGE=30.0;FREQUENCY=0.93	QUALITY=8092.73;COVERAGE=196.0;FREQUENCY=0.92				QUALITY=6065.73;COVERAGE=146.0;FREQUENCY=0.95																								
593732+3											QUALITY=7699.73;COVERAGE=189.0;FREQUENCY=0.92												QUALITY=861.73;COVERAGE=22.0;FREQUENCY=0.91	QUALITY=18320.73;COVERAGE=437.0;FREQUENCY=0.94	QUALITY=22253.73;COVERAGE=519.0;FREQUENCY=0.96																				QUALITY=1195.73;COVERAGE=30.0;FREQUENCY=0.93	QUALITY=8092.73;COVERAGE=196.0;FREQUENCY=0.92				QUALITY=6065.73;COVERAGE=146.0;FREQUENCY=0.95																								
593732+4											QUALITY=7699.73;COVERAGE=189.0;FREQUENCY=0.92												QUALITY=861.73;COVERAGE=22.0;FREQUENCY=0.91	QUALITY=18320.73;COVERAGE=437.0;FREQUENCY=0.94	QUALITY=22253.73;COVERAGE=519.0;FREQUENCY=0.96																				QUALITY=1195.73;COVERAGE=30.0;FREQUENCY=0.93	QUALITY=8092.73;COVERAGE=196.0;FREQUENCY=0.92				QUALITY=6065.73;COVERAGE=146.0;FREQUENCY=0.95																								
593732+5											QUALITY=7699.73;COVERAGE=189.0;FREQUENCY=0.92												QUALITY=861.73;COVERAGE=22.0;FREQUENCY=0.91	QUALITY=18320.73;COVERAGE=437.0;FREQUENCY=0.94	QUALITY=22253.73;COVERAGE=519.0;FREQUENCY=0.96																				QUALITY=1195.73;COVERAGE=30.0;FREQUENCY=0.93	QUALITY=8092.73;COVERAGE=196.0;FREQUENCY=0.92				QUALITY=6065.73;COVERAGE=146.0;FREQUENCY=0.95																								
593732+6											QUALITY=7699.73;COVERAGE=189.0;FREQUENCY=0.92												QUALITY=861.73;COVERAGE=22.0;FREQUENCY=0.91	QUALITY=18320.73;COVERAGE=437.0;FREQUENCY=0.94	QUALITY=22253.73;COVERAGE=519.0;FREQUENCY=0.96																				QUALITY=1195.73;COVERAGE=30.0;FREQUENCY=0.93	QUALITY=8092.73;COVERAGE=196.0;FREQUENCY=0.92				QUALITY=6065.73;COVERAGE=146.0;FREQUENCY=0.95																								
593732+7											QUALITY=7699.73;COVERAGE=189.0;FREQUENCY=0.92												QUALITY=861.73;COVERAGE=22.0;FREQUENCY=0.91	QUALITY=18320.73;COVERAGE=437.0;FREQUENCY=0.94	QUALITY=22253.73;COVERAGE=519.0;FREQUENCY=0.96																				QUALITY=1195.73;COVERAGE=30.0;FREQUENCY=0.93	QUALITY=8092.73;COVERAGE=196.0;FREQUENCY=0.92				QUALITY=6065.73;COVERAGE=146.0;FREQUENCY=0.95																								
593732+8											QUALITY=7699.73;COVERAGE=189.0;FREQUENCY=0.92												QUALITY=861.73;COVERAGE=22.0;FREQUENCY=0.91	QUALITY=18320.73;COVERAGE=437.0;FREQUENCY=0.94	QUALITY=22253.73;COVERAGE=519.0;FREQUENCY=0.96																				QUALITY=1195.73;COVERAGE=30.0;FREQUENCY=0.93	QUALITY=8092.73;COVERAGE=196.0;FREQUENCY=0.92				QUALITY=6065.73;COVERAGE=146.0;FREQUENCY=0.95																								
593732+9											QUALITY=7699.73;COVERAGE=189.0;FREQUENCY=0.92												QUALITY=861.73;COVERAGE=22.0;FREQUENCY=0.91	QUALITY=18320.73;COVERAGE=437.0;FREQUENCY=0.94	QUALITY=22253.73;COVERAGE=519.0;FREQUENCY=0.96																				QUALITY=1195.73;COVERAGE=30.0;FREQUENCY=0.93	QUALITY=8092.73;COVERAGE=196.0;FREQUENCY=0.92				QUALITY=6065.73;COVERAGE=146.0;FREQUENCY=0.95																								
593738	QUALITY=736.77;COVERAGE=17.0;FREQUENCY=1.0			QUALITY=196.9;COVERAGE=5.0;FREQUENCY=1.0	QUALITY=601.77;COVERAGE=14.0;FREQUENCY=1.0		QUALITY=421.77;COVERAGE=10.0;FREQUENCY=1.0	QUALITY=3931.77;COVERAGE=88.0;FREQUENCY=1.0	QUALITY=871.77;COVERAGE=20.0;FREQUENCY=1.0		QUALITY=7396.77;COVERAGE=165.0;FREQUENCY=1.0	QUALITY=1861.77;COVERAGE=42.0;FREQUENCY=1.0			QUALITY=2086.77;COVERAGE=47.0;FREQUENCY=1.0						QUALITY=1411.77;COVERAGE=32.0;FREQUENCY=1.0		QUALITY=871.77;COVERAGE=20.0;FREQUENCY=1.0	QUALITY=17431.77;COVERAGE=388.0;FREQUENCY=1.0	QUALITY=21661.77;COVERAGE=482.0;FREQUENCY=1.0									QUALITY=1591.77;COVERAGE=36.0;FREQUENCY=1.0					QUALITY=826.77;COVERAGE=19.0;FREQUENCY=1.0				QUALITY=4966.77;COVERAGE=111.0;FREQUENCY=1.0	QUALITY=1141.77;COVERAGE=26.0;FREQUENCY=1.0	QUALITY=1141.77;COVERAGE=26.0;FREQUENCY=1.0	QUALITY=8026.77;COVERAGE=179.0;FREQUENCY=1.0				QUALITY=5821.77;COVERAGE=130.0;FREQUENCY=1.0										QUALITY=601.77;COVERAGE=14.0;FREQUENCY=1.0	QUALITY=961.77;COVERAGE=22.0;FREQUENCY=1.0	QUALITY=601.77;COVERAGE=14.0;FREQUENCY=1.0			QUALITY=1682.77;COVERAGE=38.0;FREQUENCY=1.0	QUALITY=5416.77;COVERAGE=121.0;FREQUENCY=1.0								
593739																																																																	QUALITY=1682.77;COVERAGE=37.0;FREQUENCY=1.0									
593740																																																													QUALITY=961.77;COVERAGE=22.0;FREQUENCY=1.0													
593742	QUALITY=736.77;COVERAGE=17.0;FREQUENCY=1.0			QUALITY=196.9;COVERAGE=5.0;FREQUENCY=1.0	QUALITY=601.77;COVERAGE=14.0;FREQUENCY=1.0		QUALITY=421.77;COVERAGE=10.0;FREQUENCY=1.0	QUALITY=3931.77;COVERAGE=88.0;FREQUENCY=1.0	QUALITY=871.77;COVERAGE=20.0;FREQUENCY=1.0		QUALITY=7396.77;COVERAGE=165.0;FREQUENCY=1.0	QUALITY=1861.77;COVERAGE=42.0;FREQUENCY=1.0			QUALITY=2086.77;COVERAGE=47.0;FREQUENCY=1.0						QUALITY=1411.77;COVERAGE=32.0;FREQUENCY=1.0		QUALITY=871.77;COVERAGE=20.0;FREQUENCY=1.0	QUALITY=17431.77;COVERAGE=388.0;FREQUENCY=1.0	QUALITY=21661.77;COVERAGE=482.0;FREQUENCY=1.0									QUALITY=1591.77;COVERAGE=36.0;FREQUENCY=1.0					QUALITY=826.77;COVERAGE=19.0;FREQUENCY=1.0				QUALITY=4966.77;COVERAGE=111.0;FREQUENCY=1.0	QUALITY=1141.77;COVERAGE=26.0;FREQUENCY=1.0	QUALITY=1141.77;COVERAGE=26.0;FREQUENCY=1.0	QUALITY=8026.77;COVERAGE=179.0;FREQUENCY=1.0				QUALITY=5821.77;COVERAGE=130.0;FREQUENCY=1.0										QUALITY=601.77;COVERAGE=14.0;FREQUENCY=1.0	QUALITY=961.77;COVERAGE=22.0;FREQUENCY=1.0	QUALITY=601.77;COVERAGE=14.0;FREQUENCY=1.0			QUALITY=1636.77;COVERAGE=37.0;FREQUENCY=1.0	QUALITY=5416.77;COVERAGE=121.0;FREQUENCY=1.0								
593747	QUALITY=736.77;COVERAGE=17.0;FREQUENCY=1.0			QUALITY=196.9;COVERAGE=5.0;FREQUENCY=1.0	QUALITY=601.77;COVERAGE=14.0;FREQUENCY=1.0		QUALITY=421.77;COVERAGE=10.0;FREQUENCY=1.0	QUALITY=3931.77;COVERAGE=88.0;FREQUENCY=1.0	QUALITY=871.77;COVERAGE=20.0;FREQUENCY=1.0		QUALITY=7396.77;COVERAGE=165.0;FREQUENCY=1.0	QUALITY=1861.77;COVERAGE=42.0;FREQUENCY=1.0			QUALITY=2086.77;COVERAGE=47.0;FREQUENCY=1.0						QUALITY=1411.77;COVERAGE=32.0;FREQUENCY=1.0		QUALITY=871.77;COVERAGE=20.0;FREQUENCY=1.0	QUALITY=17431.77;COVERAGE=388.0;FREQUENCY=1.0	QUALITY=21661.77;COVERAGE=482.0;FREQUENCY=1.0									QUALITY=1591.77;COVERAGE=36.0;FREQUENCY=1.0					QUALITY=826.77;COVERAGE=19.0;FREQUENCY=1.0				QUALITY=4966.77;COVERAGE=111.0;FREQUENCY=1.0	QUALITY=1141.77;COVERAGE=26.0;FREQUENCY=1.0	QUALITY=1141.77;COVERAGE=26.0;FREQUENCY=1.0	QUALITY=8026.77;COVERAGE=179.0;FREQUENCY=1.0				QUALITY=5821.77;COVERAGE=130.0;FREQUENCY=1.0										QUALITY=601.77;COVERAGE=14.0;FREQUENCY=1.0	QUALITY=961.77;COVERAGE=22.0;FREQUENCY=1.0	QUALITY=601.77;COVERAGE=14.0;FREQUENCY=1.0				QUALITY=5416.77;COVERAGE=121.0;FREQUENCY=1.0								
593750	QUALITY=736.77;COVERAGE=17.0;FREQUENCY=1.0			QUALITY=196.9;COVERAGE=5.0;FREQUENCY=1.0	QUALITY=601.77;COVERAGE=14.0;FREQUENCY=1.0		QUALITY=421.77;COVERAGE=10.0;FREQUENCY=1.0	QUALITY=3931.77;COVERAGE=88.0;FREQUENCY=1.0	QUALITY=871.77;COVERAGE=20.0;FREQUENCY=1.0		QUALITY=7396.77;COVERAGE=165.0;FREQUENCY=1.0	QUALITY=1861.77;COVERAGE=42.0;FREQUENCY=1.0			QUALITY=2086.77;COVERAGE=47.0;FREQUENCY=1.0						QUALITY=1411.77;COVERAGE=32.0;FREQUENCY=1.0		QUALITY=871.77;COVERAGE=20.0;FREQUENCY=1.0	QUALITY=17431.77;COVERAGE=388.0;FREQUENCY=1.0	QUALITY=21661.77;COVERAGE=482.0;FREQUENCY=1.0								QUALITY=4548.77;COVERAGE=100.0;FREQUENCY=1.0	QUALITY=1591.77;COVERAGE=36.0;FREQUENCY=1.0					QUALITY=826.77;COVERAGE=19.0;FREQUENCY=1.0				QUALITY=4966.77;COVERAGE=111.0;FREQUENCY=1.0	QUALITY=1141.77;COVERAGE=26.0;FREQUENCY=1.0	QUALITY=1141.77;COVERAGE=26.0;FREQUENCY=1.0	QUALITY=8026.77;COVERAGE=179.0;FREQUENCY=1.0				QUALITY=5383.77;COVERAGE=130.0;FREQUENCY=0.99							QUALITY=19397.77;COVERAGE=420.0;FREQUENCY=1.0			QUALITY=601.77;COVERAGE=14.0;FREQUENCY=1.0	QUALITY=961.77;COVERAGE=22.0;FREQUENCY=1.0	QUALITY=601.77;COVERAGE=14.0;FREQUENCY=1.0				QUALITY=5416.77;COVERAGE=121.0;FREQUENCY=1.0				QUALITY=3065.77;COVERAGE=69.0;FREQUENCY=1.0	QUALITY=1085.77;COVERAGE=24.0;FREQUENCY=1.0	QUALITY=20803.77;COVERAGE=463.0;FREQUENCY=0.99		QUALITY=4460.77;COVERAGE=98.0;FREQUENCY=1.0
593751																																																																	QUALITY=1582.73;COVERAGE=34.0;FREQUENCY=1.0									
593752																																																																	QUALITY=1582.73;COVERAGE=34.0;FREQUENCY=1.0									
593753	QUALITY=730.77;COVERAGE=17.0;FREQUENCY=1.0			QUALITY=231.85;COVERAGE=5.0;FREQUENCY=1.0	QUALITY=681.77;COVERAGE=14.0;FREQUENCY=1.0		QUALITY=419.77;COVERAGE=10.0;FREQUENCY=1.0	QUALITY=3913.77;COVERAGE=88.0;FREQUENCY=1.0	QUALITY=953.77;COVERAGE=20.0;FREQUENCY=1.0		QUALITY=7629.77;COVERAGE=166.0;FREQUENCY=0.99	QUALITY=1891.77;COVERAGE=42.0;FREQUENCY=1.0			QUALITY=2120.77;COVERAGE=47.0;FREQUENCY=1.0						QUALITY=1446.77;COVERAGE=32.0;FREQUENCY=1.0		QUALITY=868.77;COVERAGE=20.0;FREQUENCY=1.0	QUALITY=17493.77;COVERAGE=388.0;FREQUENCY=1.0	QUALITY=21753.77;COVERAGE=482.0;FREQUENCY=1.0									QUALITY=1622.77;COVERAGE=36.0;FREQUENCY=1.0					QUALITY=822.77;COVERAGE=19.0;FREQUENCY=1.0				QUALITY=5030.77;COVERAGE=111.0;FREQUENCY=1.0	QUALITY=1136.77;COVERAGE=26.0;FREQUENCY=1.0	QUALITY=1133.77;COVERAGE=26.0;FREQUENCY=1.0	QUALITY=8088.77;COVERAGE=179.0;FREQUENCY=1.0				QUALITY=5368.77;COVERAGE=130.0;FREQUENCY=0.99										QUALITY=600.77;COVERAGE=14.0;FREQUENCY=1.0	QUALITY=995.77;COVERAGE=22.0;FREQUENCY=1.0	QUALITY=599.77;COVERAGE=14.0;FREQUENCY=1.0			QUALITY=1582.73;COVERAGE=34.0;FREQUENCY=1.0	QUALITY=5432.77;COVERAGE=121.0;FREQUENCY=1.0				QUALITY=3069.77;COVERAGE=66.0;FREQUENCY=1.0				
593754	QUALITY=730.77;COVERAGE=17.0;FREQUENCY=1.0			QUALITY=231.85;COVERAGE=6.0;FREQUENCY=1.0	QUALITY=681.77;COVERAGE=16.0;FREQUENCY=1.0		QUALITY=419.77;COVERAGE=10.0;FREQUENCY=1.0	QUALITY=3913.77;COVERAGE=88.0;FREQUENCY=1.0	QUALITY=953.77;COVERAGE=22.0;FREQUENCY=1.0		QUALITY=7628.77;COVERAGE=172.0;FREQUENCY=0.99	QUALITY=1891.77;COVERAGE=43.0;FREQUENCY=1.0			QUALITY=2119.77;COVERAGE=48.0;FREQUENCY=1.0						QUALITY=1446.77;COVERAGE=33.0;FREQUENCY=1.0		QUALITY=868.77;COVERAGE=20.0;FREQUENCY=1.0	QUALITY=17491.77;COVERAGE=389.0;FREQUENCY=1.0	QUALITY=21802.77;COVERAGE=485.0;FREQUENCY=1.0									QUALITY=1622.77;COVERAGE=37.0;FREQUENCY=1.0					QUALITY=822.77;COVERAGE=19.0;FREQUENCY=1.0				QUALITY=5030.77;COVERAGE=113.0;FREQUENCY=1.0	QUALITY=1136.77;COVERAGE=26.0;FREQUENCY=1.0	QUALITY=1133.77;COVERAGE=26.0;FREQUENCY=1.0	QUALITY=8088.77;COVERAGE=180.0;FREQUENCY=1.0				QUALITY=5762.73;COVERAGE=130.0;FREQUENCY=0.99										QUALITY=600.77;COVERAGE=14.0;FREQUENCY=1.0	QUALITY=995.77;COVERAGE=23.0;FREQUENCY=1.0	QUALITY=599.77;COVERAGE=14.0;FREQUENCY=1.0				QUALITY=5432.77;COVERAGE=122.0;FREQUENCY=1.0	QUALITY=4463.77;COVERAGE=98.0;FREQUENCY=1.0			QUALITY=3076.77;COVERAGE=66.0;FREQUENCY=1.0			QUALITY=274.8;COVERAGE=7.0;FREQUENCY=1.0	QUALITY=4605.77;COVERAGE=98.0;FREQUENCY=1.0
593756																																																									QUALITY=17294.77;COVERAGE=455.0;FREQUENCY=0.94								QUALITY=1447.73;COVERAGE=33.0;FREQUENCY=1.0									
593759																																																																	QUALITY=1492.73;COVERAGE=33.0;FREQUENCY=1.0									
593760																																	QUALITY=4550.77;COVERAGE=100.0;FREQUENCY=1.0																								QUALITY=17789.77;COVERAGE=473.0;FREQUENCY=0.93								QUALITY=1492.73;COVERAGE=33.0;FREQUENCY=1.0		QUALITY=4423.77;COVERAGE=92.0;FREQUENCY=1.0			QUALITY=3076.77;COVERAGE=68.0;FREQUENCY=1.0	QUALITY=1083.77;COVERAGE=25.0;FREQUENCY=1.0	QUALITY=21684.77;COVERAGE=484.0;FREQUENCY=0.99		QUALITY=4551.77;COVERAGE=100.0;FREQUENCY=1.0
593762																																																																			QUALITY=4199.77;COVERAGE=92.0;FREQUENCY=1.0							
593765																																																																						QUALITY=3115.77;COVERAGE=69.0;FREQUENCY=1.0				
593766																																																																						QUALITY=3115.77;COVERAGE=70.0;FREQUENCY=1.0				
593767+1																																																																	QUALITY=1568.73;COVERAGE=34.0;FREQUENCY=1.0									
593767+2																																																																	QUALITY=1568.73;COVERAGE=34.0;FREQUENCY=1.0									
593770																																																																	QUALITY=1572.73;COVERAGE=36.0;FREQUENCY=1.0									
593771																																																																	QUALITY=1572.73;COVERAGE=36.0;FREQUENCY=1.0									
593892													QUALITY=241.84;COVERAGE=6.0;FREQUENCY=1.0																																																													
593893													QUALITY=241.84;COVERAGE=6.0;FREQUENCY=1.0																																																													
593898																																	QUALITY=4433.77;COVERAGE=100.0;FREQUENCY=1.0																																							QUALITY=19040.77;COVERAGE=478.0;FREQUENCY=0.99		
594026																																																																	QUALITY=2348.77;COVERAGE=53.0;FREQUENCY=1.0									
594030	QUALITY=2302.73;COVERAGE=57.0;FREQUENCY=0.91	QUALITY=16200.73;COVERAGE=368.0;FREQUENCY=0.98	QUALITY=13166.73;COVERAGE=315.0;FREQUENCY=0.93						QUALITY=1447.73;COVERAGE=34.0;FREQUENCY=0.97							QUALITY=547.73;COVERAGE=14.0;FREQUENCY=0.93						QUALITY=13986.73;COVERAGE=338.0;FREQUENCY=0.92	QUALITY=1312.73;COVERAGE=31.0;FREQUENCY=0.97	QUALITY=17099.73;COVERAGE=416.0;FREQUENCY=0.92										QUALITY=6525.73;COVERAGE=155.0;FREQUENCY=0.94							QUALITY=8053.73;COVERAGE=189.0;FREQUENCY=0.95		QUALITY=9226.73;COVERAGE=224.0;FREQUENCY=0.92			QUALITY=10216.73;COVERAGE=246.0;FREQUENCY=0.93			QUALITY=5947.73;COVERAGE=144.0;FREQUENCY=0.92	QUALITY=7648.73;COVERAGE=188.0;FREQUENCY=0.91				QUALITY=457.73;COVERAGE=12.0;FREQUENCY=0.92				QUALITY=17151.73;COVERAGE=418.0;FREQUENCY=0.92		QUALITY=862.73;COVERAGE=22.0;FREQUENCY=0.91		QUALITY=1132.73;COVERAGE=29.0;FREQUENCY=0.9			QUALITY=2298.73;COVERAGE=50.0;FREQUENCY=1.0									
594031	QUALITY=2302.73;COVERAGE=57.0;FREQUENCY=0.91	QUALITY=16200.73;COVERAGE=368.0;FREQUENCY=0.98	QUALITY=13166.73;COVERAGE=315.0;FREQUENCY=0.93						QUALITY=1447.73;COVERAGE=34.0;FREQUENCY=0.97							QUALITY=547.73;COVERAGE=14.0;FREQUENCY=0.93						QUALITY=13986.73;COVERAGE=338.0;FREQUENCY=0.92	QUALITY=1312.73;COVERAGE=31.0;FREQUENCY=0.97	QUALITY=17099.73;COVERAGE=416.0;FREQUENCY=0.92										QUALITY=6525.73;COVERAGE=155.0;FREQUENCY=0.94							QUALITY=8053.73;COVERAGE=189.0;FREQUENCY=0.95		QUALITY=9226.73;COVERAGE=224.0;FREQUENCY=0.92			QUALITY=10216.73;COVERAGE=246.0;FREQUENCY=0.93			QUALITY=5947.73;COVERAGE=144.0;FREQUENCY=0.92	QUALITY=7648.73;COVERAGE=188.0;FREQUENCY=0.91				QUALITY=457.73;COVERAGE=12.0;FREQUENCY=0.92			QUALITY=16492.77;COVERAGE=431.0;FREQUENCY=0.9	QUALITY=17151.73;COVERAGE=418.0;FREQUENCY=0.92		QUALITY=862.73;COVERAGE=22.0;FREQUENCY=0.91		QUALITY=1132.73;COVERAGE=29.0;FREQUENCY=0.9			QUALITY=2298.73;COVERAGE=50.0;FREQUENCY=1.0		QUALITY=3297.77;COVERAGE=73.0;FREQUENCY=1.0			QUALITY=3297.77;COVERAGE=73.0;FREQUENCY=1.0	QUALITY=1664.77;COVERAGE=38.0;FREQUENCY=1.0			QUALITY=3297.77;COVERAGE=73.0;FREQUENCY=1.0
594032																																																																			QUALITY=3297.77;COVERAGE=72.0;FREQUENCY=1.0			QUALITY=3297.77;COVERAGE=72.0;FREQUENCY=1.0	QUALITY=1664.77;COVERAGE=35.0;FREQUENCY=1.0			QUALITY=3297.77;COVERAGE=72.0;FREQUENCY=1.0
594033+1	QUALITY=2302.73;COVERAGE=52.0;FREQUENCY=1.0	QUALITY=16200.73;COVERAGE=362.0;FREQUENCY=1.0	QUALITY=13166.73;COVERAGE=294.0;FREQUENCY=1.0	QUALITY=764.73;COVERAGE=18.0;FREQUENCY=1.0	QUALITY=2522.73;COVERAGE=57.0;FREQUENCY=1.0	QUALITY=187.87;COVERAGE=5.0;FREQUENCY=1.0	QUALITY=1267.73;COVERAGE=29.0;FREQUENCY=1.0	QUALITY=7108.73;COVERAGE=159.0;FREQUENCY=1.0	QUALITY=1447.73;COVERAGE=33.0;FREQUENCY=1.0	QUALITY=232.8;COVERAGE=6.0;FREQUENCY=1.0	QUALITY=5704.73;COVERAGE=128.0;FREQUENCY=1.0	QUALITY=4147.73;COVERAGE=94.0;FREQUENCY=0.99			QUALITY=3781.73;COVERAGE=85.0;FREQUENCY=1.0	QUALITY=547.73;COVERAGE=13.0;FREQUENCY=1.0		QUALITY=222.8;COVERAGE=6.0;FREQUENCY=1.0	QUALITY=2745.73;COVERAGE=62.0;FREQUENCY=1.0	QUALITY=1619.73;COVERAGE=37.0;FREQUENCY=1.0	QUALITY=2387.73;COVERAGE=54.0;FREQUENCY=1.0	QUALITY=13986.73;COVERAGE=313.0;FREQUENCY=1.0	QUALITY=1312.73;COVERAGE=30.0;FREQUENCY=1.0	QUALITY=17099.73;COVERAGE=381.0;FREQUENCY=1.0	QUALITY=15803.73;COVERAGE=352.0;FREQUENCY=1.0	QUALITY=997.73;COVERAGE=23.0;FREQUENCY=1.0	QUALITY=1447.73;COVERAGE=33.0;FREQUENCY=1.0		QUALITY=232.8;COVERAGE=6.0;FREQUENCY=1.0			QUALITY=412.74;COVERAGE=10.0;FREQUENCY=1.0		QUALITY=6525.73;COVERAGE=146.0;FREQUENCY=1.0	QUALITY=1032.73;COVERAGE=24.0;FREQUENCY=1.0	QUALITY=1042.73;COVERAGE=24.0;FREQUENCY=1.0	QUALITY=2160.73;COVERAGE=49.0;FREQUENCY=1.0	QUALITY=1132.73;COVERAGE=26.0;FREQUENCY=1.0	QUALITY=952.73;COVERAGE=22.0;FREQUENCY=1.0		QUALITY=8053.73;COVERAGE=180.0;FREQUENCY=1.0		QUALITY=9226.73;COVERAGE=206.0;FREQUENCY=1.0	QUALITY=1672.73;COVERAGE=38.0;FREQUENCY=1.0	QUALITY=3142.73;COVERAGE=74.0;FREQUENCY=1.0	QUALITY=10216.73;COVERAGE=228.0;FREQUENCY=1.0	QUALITY=764.73;COVERAGE=18.0;FREQUENCY=1.0	QUALITY=277.77;COVERAGE=7.0;FREQUENCY=1.0	QUALITY=5947.73;COVERAGE=133.0;FREQUENCY=1.0	QUALITY=7648.73;COVERAGE=170.0;FREQUENCY=1.0		QUALITY=457.73;COVERAGE=11.0;FREQUENCY=1.0	QUALITY=777.75;COVERAGE=22.0;FREQUENCY=0.91	QUALITY=457.73;COVERAGE=11.0;FREQUENCY=1.0				QUALITY=17151.73;COVERAGE=383.0;FREQUENCY=1.0		QUALITY=862.73;COVERAGE=20.0;FREQUENCY=1.0	QUALITY=2387.73;COVERAGE=54.0;FREQUENCY=1.0	QUALITY=1132.73;COVERAGE=26.0;FREQUENCY=1.0	QUALITY=5438.73;COVERAGE=122.0;FREQUENCY=1.0		QUALITY=2167.73;COVERAGE=48.0;FREQUENCY=1.0	QUALITY=10171.73;COVERAGE=227.0;FREQUENCY=1.0								
594033+2	QUALITY=2302.73;COVERAGE=52.0;FREQUENCY=1.0	QUALITY=16200.73;COVERAGE=362.0;FREQUENCY=1.0	QUALITY=13166.73;COVERAGE=294.0;FREQUENCY=1.0	QUALITY=764.73;COVERAGE=18.0;FREQUENCY=1.0	QUALITY=2522.73;COVERAGE=57.0;FREQUENCY=1.0	QUALITY=187.87;COVERAGE=5.0;FREQUENCY=1.0	QUALITY=1267.73;COVERAGE=29.0;FREQUENCY=1.0	QUALITY=7108.73;COVERAGE=159.0;FREQUENCY=1.0	QUALITY=1447.73;COVERAGE=33.0;FREQUENCY=1.0	QUALITY=232.8;COVERAGE=6.0;FREQUENCY=1.0	QUALITY=5704.73;COVERAGE=128.0;FREQUENCY=1.0	QUALITY=4147.73;COVERAGE=94.0;FREQUENCY=0.99			QUALITY=3781.73;COVERAGE=85.0;FREQUENCY=1.0	QUALITY=547.73;COVERAGE=13.0;FREQUENCY=1.0		QUALITY=222.8;COVERAGE=6.0;FREQUENCY=1.0	QUALITY=2745.73;COVERAGE=62.0;FREQUENCY=1.0	QUALITY=1619.73;COVERAGE=37.0;FREQUENCY=1.0	QUALITY=2387.73;COVERAGE=54.0;FREQUENCY=1.0	QUALITY=13986.73;COVERAGE=313.0;FREQUENCY=1.0	QUALITY=1312.73;COVERAGE=30.0;FREQUENCY=1.0	QUALITY=17099.73;COVERAGE=381.0;FREQUENCY=1.0	QUALITY=15803.73;COVERAGE=352.0;FREQUENCY=1.0	QUALITY=997.73;COVERAGE=23.0;FREQUENCY=1.0	QUALITY=1447.73;COVERAGE=33.0;FREQUENCY=1.0		QUALITY=232.8;COVERAGE=6.0;FREQUENCY=1.0			QUALITY=412.74;COVERAGE=10.0;FREQUENCY=1.0		QUALITY=6525.73;COVERAGE=146.0;FREQUENCY=1.0	QUALITY=1032.73;COVERAGE=24.0;FREQUENCY=1.0	QUALITY=1042.73;COVERAGE=24.0;FREQUENCY=1.0	QUALITY=2160.73;COVERAGE=49.0;FREQUENCY=1.0	QUALITY=1132.73;COVERAGE=26.0;FREQUENCY=1.0	QUALITY=952.73;COVERAGE=22.0;FREQUENCY=1.0		QUALITY=8053.73;COVERAGE=180.0;FREQUENCY=1.0		QUALITY=9226.73;COVERAGE=206.0;FREQUENCY=1.0	QUALITY=1672.73;COVERAGE=38.0;FREQUENCY=1.0	QUALITY=3142.73;COVERAGE=74.0;FREQUENCY=1.0	QUALITY=10216.73;COVERAGE=228.0;FREQUENCY=1.0	QUALITY=764.73;COVERAGE=18.0;FREQUENCY=1.0	QUALITY=277.77;COVERAGE=7.0;FREQUENCY=1.0	QUALITY=5947.73;COVERAGE=133.0;FREQUENCY=1.0	QUALITY=7648.73;COVERAGE=170.0;FREQUENCY=1.0		QUALITY=457.73;COVERAGE=11.0;FREQUENCY=1.0	QUALITY=777.75;COVERAGE=22.0;FREQUENCY=0.91	QUALITY=457.73;COVERAGE=11.0;FREQUENCY=1.0				QUALITY=17151.73;COVERAGE=383.0;FREQUENCY=1.0		QUALITY=862.73;COVERAGE=20.0;FREQUENCY=1.0	QUALITY=2387.73;COVERAGE=54.0;FREQUENCY=1.0	QUALITY=1132.73;COVERAGE=26.0;FREQUENCY=1.0	QUALITY=5438.73;COVERAGE=122.0;FREQUENCY=1.0		QUALITY=2167.73;COVERAGE=48.0;FREQUENCY=1.0	QUALITY=10171.73;COVERAGE=227.0;FREQUENCY=1.0								
594035	QUALITY=2311.77;COVERAGE=52.0;FREQUENCY=1.0	QUALITY=16209.77;COVERAGE=360.0;FREQUENCY=1.0	QUALITY=13175.77;COVERAGE=292.0;FREQUENCY=1.0	QUALITY=773.77;COVERAGE=17.0;FREQUENCY=1.0	QUALITY=2531.77;COVERAGE=56.0;FREQUENCY=1.0	QUALITY=196.9;COVERAGE=5.0;FREQUENCY=1.0	QUALITY=1276.77;COVERAGE=29.0;FREQUENCY=1.0	QUALITY=7117.77;COVERAGE=158.0;FREQUENCY=1.0	QUALITY=1456.77;COVERAGE=33.0;FREQUENCY=1.0	QUALITY=241.84;COVERAGE=6.0;FREQUENCY=1.0	QUALITY=5713.77;COVERAGE=126.0;FREQUENCY=1.0	QUALITY=4156.77;COVERAGE=94.0;FREQUENCY=0.99			QUALITY=3790.77;COVERAGE=84.0;FREQUENCY=1.0	QUALITY=556.77;COVERAGE=13.0;FREQUENCY=1.0		QUALITY=231.84;COVERAGE=5.0;FREQUENCY=1.0	QUALITY=2754.77;COVERAGE=61.0;FREQUENCY=1.0	QUALITY=1628.77;COVERAGE=36.0;FREQUENCY=1.0	QUALITY=2396.77;COVERAGE=53.0;FREQUENCY=1.0	QUALITY=13995.77;COVERAGE=311.0;FREQUENCY=1.0	QUALITY=1321.77;COVERAGE=30.0;FREQUENCY=1.0	QUALITY=17108.77;COVERAGE=380.0;FREQUENCY=1.0	QUALITY=15802.77;COVERAGE=351.0;FREQUENCY=1.0	QUALITY=1006.77;COVERAGE=23.0;FREQUENCY=1.0	QUALITY=1456.77;COVERAGE=33.0;FREQUENCY=1.0		QUALITY=241.84;COVERAGE=6.0;FREQUENCY=1.0			QUALITY=421.77;COVERAGE=10.0;FREQUENCY=1.0		QUALITY=6534.77;COVERAGE=145.0;FREQUENCY=1.0	QUALITY=1041.77;COVERAGE=23.0;FREQUENCY=1.0	QUALITY=1051.77;COVERAGE=24.0;FREQUENCY=1.0	QUALITY=2169.77;COVERAGE=48.0;FREQUENCY=1.0	QUALITY=1141.77;COVERAGE=26.0;FREQUENCY=1.0	QUALITY=961.77;COVERAGE=22.0;FREQUENCY=1.0		QUALITY=8062.77;COVERAGE=179.0;FREQUENCY=1.0		QUALITY=9235.77;COVERAGE=205.0;FREQUENCY=1.0	QUALITY=1681.77;COVERAGE=38.0;FREQUENCY=1.0	QUALITY=3292.73;COVERAGE=74.0;FREQUENCY=1.0	QUALITY=10225.77;COVERAGE=227.0;FREQUENCY=1.0	QUALITY=773.77;COVERAGE=17.0;FREQUENCY=1.0	QUALITY=286.8;COVERAGE=7.0;FREQUENCY=1.0	QUALITY=5956.77;COVERAGE=133.0;FREQUENCY=1.0	QUALITY=7614.77;COVERAGE=169.0;FREQUENCY=1.0		QUALITY=466.77;COVERAGE=11.0;FREQUENCY=1.0	QUALITY=946.77;COVERAGE=20.0;FREQUENCY=1.0	QUALITY=466.77;COVERAGE=11.0;FREQUENCY=1.0			QUALITY=19403.77;COVERAGE=426.0;FREQUENCY=1.0	QUALITY=17196.77;COVERAGE=382.0;FREQUENCY=1.0		QUALITY=871.77;COVERAGE=20.0;FREQUENCY=1.0	QUALITY=2396.77;COVERAGE=53.0;FREQUENCY=1.0	QUALITY=1141.77;COVERAGE=26.0;FREQUENCY=1.0	QUALITY=5447.77;COVERAGE=121.0;FREQUENCY=1.0		QUALITY=2221.77;COVERAGE=47.0;FREQUENCY=1.0	QUALITY=10180.77;COVERAGE=226.0;FREQUENCY=1.0	QUALITY=3346.77;COVERAGE=73.0;FREQUENCY=1.0			QUALITY=3346.77;COVERAGE=73.0;FREQUENCY=1.0	QUALITY=1681.77;COVERAGE=35.0;FREQUENCY=1.0			QUALITY=3346.77;COVERAGE=73.0;FREQUENCY=1.0
594035+1																																	QUALITY=2883.73;COVERAGE=63.0;FREQUENCY=1.0																																							QUALITY=13629.73;COVERAGE=354.0;FREQUENCY=0.95		
594035+2																																	QUALITY=2883.73;COVERAGE=63.0;FREQUENCY=1.0																																							QUALITY=13629.73;COVERAGE=354.0;FREQUENCY=0.95		
594035+3																																	QUALITY=2883.73;COVERAGE=63.0;FREQUENCY=1.0																																							QUALITY=13629.73;COVERAGE=354.0;FREQUENCY=0.95		
594035+4																																	QUALITY=2883.73;COVERAGE=63.0;FREQUENCY=1.0																																							QUALITY=13629.73;COVERAGE=354.0;FREQUENCY=0.95		
594036+1													QUALITY=187.87;COVERAGE=5.0;FREQUENCY=1.0																																																													
594036+2													QUALITY=187.87;COVERAGE=5.0;FREQUENCY=1.0																																																													
594036+3													QUALITY=187.87;COVERAGE=5.0;FREQUENCY=1.0																																																													
594036+4													QUALITY=187.87;COVERAGE=5.0;FREQUENCY=1.0																																																													
594038	QUALITY=2311.77;COVERAGE=52.0;FREQUENCY=1.0	QUALITY=16171.77;COVERAGE=360.0;FREQUENCY=1.0	QUALITY=13156.77;COVERAGE=292.0;FREQUENCY=1.0	QUALITY=736.77;COVERAGE=17.0;FREQUENCY=1.0	QUALITY=2536.77;COVERAGE=56.0;FREQUENCY=1.0	QUALITY=196.9;COVERAGE=5.0;FREQUENCY=1.0	QUALITY=1276.77;COVERAGE=29.0;FREQUENCY=1.0	QUALITY=7126.77;COVERAGE=158.0;FREQUENCY=1.0	QUALITY=1456.77;COVERAGE=33.0;FREQUENCY=1.0	QUALITY=241.84;COVERAGE=6.0;FREQUENCY=1.0	QUALITY=5686.77;COVERAGE=126.0;FREQUENCY=1.0	QUALITY=4246.77;COVERAGE=94.0;FREQUENCY=0.99	QUALITY=196.9;COVERAGE=5.0;FREQUENCY=1.0		QUALITY=3796.77;COVERAGE=84.0;FREQUENCY=1.0	QUALITY=556.77;COVERAGE=13.0;FREQUENCY=1.0		QUALITY=196.9;COVERAGE=5.0;FREQUENCY=1.0	QUALITY=2761.77;COVERAGE=61.0;FREQUENCY=1.0	QUALITY=1591.77;COVERAGE=36.0;FREQUENCY=1.0	QUALITY=2401.77;COVERAGE=53.0;FREQUENCY=1.0	QUALITY=13966.77;COVERAGE=311.0;FREQUENCY=1.0	QUALITY=1321.77;COVERAGE=30.0;FREQUENCY=1.0	QUALITY=17071.77;COVERAGE=380.0;FREQUENCY=1.0	QUALITY=15856.77;COVERAGE=351.0;FREQUENCY=1.0	QUALITY=1006.77;COVERAGE=23.0;FREQUENCY=1.0	QUALITY=1456.77;COVERAGE=33.0;FREQUENCY=1.0		QUALITY=241.84;COVERAGE=6.0;FREQUENCY=1.0			QUALITY=421.77;COVERAGE=10.0;FREQUENCY=1.0	QUALITY=3747.77;COVERAGE=65.0;FREQUENCY=1.0	QUALITY=6496.77;COVERAGE=145.0;FREQUENCY=1.0	QUALITY=1006.77;COVERAGE=23.0;FREQUENCY=1.0	QUALITY=1096.77;COVERAGE=24.0;FREQUENCY=1.0	QUALITY=2131.77;COVERAGE=48.0;FREQUENCY=1.0	QUALITY=1141.77;COVERAGE=26.0;FREQUENCY=1.0	QUALITY=961.77;COVERAGE=22.0;FREQUENCY=1.0		QUALITY=8026.77;COVERAGE=179.0;FREQUENCY=1.0		QUALITY=9196.77;COVERAGE=205.0;FREQUENCY=1.0	QUALITY=1681.77;COVERAGE=38.0;FREQUENCY=1.0	QUALITY=3301.77;COVERAGE=74.0;FREQUENCY=1.0	QUALITY=10231.77;COVERAGE=227.0;FREQUENCY=1.0	QUALITY=736.77;COVERAGE=17.0;FREQUENCY=1.0	QUALITY=291.79;COVERAGE=7.0;FREQUENCY=1.0	QUALITY=5956.77;COVERAGE=133.0;FREQUENCY=1.0	QUALITY=7621.77;COVERAGE=169.0;FREQUENCY=1.0		QUALITY=466.77;COVERAGE=11.0;FREQUENCY=1.0	QUALITY=871.77;COVERAGE=20.0;FREQUENCY=1.0	QUALITY=466.77;COVERAGE=11.0;FREQUENCY=1.0			QUALITY=21738.77;COVERAGE=437.0;FREQUENCY=1.0	QUALITY=17161.77;COVERAGE=382.0;FREQUENCY=1.0		QUALITY=871.77;COVERAGE=20.0;FREQUENCY=1.0	QUALITY=2401.77;COVERAGE=53.0;FREQUENCY=1.0	QUALITY=1141.77;COVERAGE=26.0;FREQUENCY=1.0	QUALITY=5461.77;COVERAGE=121.0;FREQUENCY=1.0		QUALITY=2311.77;COVERAGE=50.0;FREQUENCY=1.0	QUALITY=10141.77;COVERAGE=226.0;FREQUENCY=1.0	QUALITY=3973.77;COVERAGE=76.0;FREQUENCY=1.0			QUALITY=3973.77;COVERAGE=76.0;FREQUENCY=1.0	QUALITY=1844.77;COVERAGE=39.0;FREQUENCY=1.0	QUALITY=17900.77;COVERAGE=351.0;FREQUENCY=0.99		QUALITY=3973.77;COVERAGE=76.0;FREQUENCY=1.0
594040	QUALITY=2353.77;COVERAGE=52.0;FREQUENCY=1.0	QUALITY=16328.77;COVERAGE=360.0;FREQUENCY=1.0	QUALITY=13310.77;COVERAGE=293.0;FREQUENCY=1.0	QUALITY=780.77;COVERAGE=17.0;FREQUENCY=1.0	QUALITY=2536.77;COVERAGE=57.0;FREQUENCY=1.0	QUALITY=196.9;COVERAGE=5.0;FREQUENCY=1.0	QUALITY=1276.77;COVERAGE=29.0;FREQUENCY=1.0	QUALITY=7204.77;COVERAGE=159.0;FREQUENCY=1.0	QUALITY=1456.77;COVERAGE=33.0;FREQUENCY=1.0	QUALITY=241.84;COVERAGE=6.0;FREQUENCY=1.0	QUALITY=5846.77;COVERAGE=127.0;FREQUENCY=1.0	QUALITY=4322.77;COVERAGE=96.0;FREQUENCY=0.99			QUALITY=3796.77;COVERAGE=85.0;FREQUENCY=1.0	QUALITY=556.77;COVERAGE=13.0;FREQUENCY=1.0		QUALITY=196.9;COVERAGE=5.0;FREQUENCY=1.0	QUALITY=2801.77;COVERAGE=62.0;FREQUENCY=1.0	QUALITY=1662.77;COVERAGE=36.0;FREQUENCY=1.0	QUALITY=2490.77;COVERAGE=54.0;FREQUENCY=1.0	QUALITY=14119.77;COVERAGE=312.0;FREQUENCY=1.0	QUALITY=1321.77;COVERAGE=30.0;FREQUENCY=1.0	QUALITY=17443.77;COVERAGE=380.0;FREQUENCY=1.0	QUALITY=15936.77;COVERAGE=353.0;FREQUENCY=1.0	QUALITY=1006.77;COVERAGE=23.0;FREQUENCY=1.0	QUALITY=1536.77;COVERAGE=33.0;FREQUENCY=1.0		QUALITY=241.84;COVERAGE=6.0;FREQUENCY=1.0			QUALITY=421.77;COVERAGE=10.0;FREQUENCY=1.0		QUALITY=6535.77;COVERAGE=145.0;FREQUENCY=1.0	QUALITY=1050.77;COVERAGE=23.0;FREQUENCY=1.0	QUALITY=1135.77;COVERAGE=25.0;FREQUENCY=1.0	QUALITY=2171.77;COVERAGE=48.0;FREQUENCY=1.0	QUALITY=1183.77;COVERAGE=26.0;FREQUENCY=1.0	QUALITY=998.77;COVERAGE=22.0;FREQUENCY=1.0		QUALITY=8104.77;COVERAGE=179.0;FREQUENCY=1.0		QUALITY=9234.77;COVERAGE=205.0;FREQUENCY=1.0	QUALITY=1681.77;COVERAGE=38.0;FREQUENCY=1.0	QUALITY=3376.77;COVERAGE=74.0;FREQUENCY=1.0	QUALITY=10427.77;COVERAGE=228.0;FREQUENCY=1.0	QUALITY=814.77;COVERAGE=17.0;FREQUENCY=1.0	QUALITY=291.79;COVERAGE=8.0;FREQUENCY=1.0	QUALITY=5996.77;COVERAGE=133.0;FREQUENCY=1.0	QUALITY=7663.77;COVERAGE=170.0;FREQUENCY=1.0		QUALITY=466.77;COVERAGE=11.0;FREQUENCY=1.0	QUALITY=721.77;COVERAGE=20.0;FREQUENCY=0.9	QUALITY=466.77;COVERAGE=11.0;FREQUENCY=1.0				QUALITY=17401.77;COVERAGE=382.0;FREQUENCY=1.0		QUALITY=871.77;COVERAGE=20.0;FREQUENCY=1.0	QUALITY=2490.77;COVERAGE=54.0;FREQUENCY=1.0	QUALITY=1141.77;COVERAGE=26.0;FREQUENCY=1.0	QUALITY=5461.77;COVERAGE=122.0;FREQUENCY=1.0			QUALITY=10178.77;COVERAGE=226.0;FREQUENCY=1.0								
594044	QUALITY=2353.77;COVERAGE=53.0;FREQUENCY=1.0	QUALITY=16403.77;COVERAGE=366.0;FREQUENCY=1.0	QUALITY=13381.77;COVERAGE=299.0;FREQUENCY=1.0	QUALITY=780.77;COVERAGE=18.0;FREQUENCY=1.0	QUALITY=2570.77;COVERAGE=58.0;FREQUENCY=1.0	QUALITY=196.9;COVERAGE=5.0;FREQUENCY=1.0	QUALITY=1276.77;COVERAGE=29.0;FREQUENCY=1.0	QUALITY=7389.77;COVERAGE=166.0;FREQUENCY=1.0	QUALITY=1456.77;COVERAGE=33.0;FREQUENCY=1.0	QUALITY=241.84;COVERAGE=6.0;FREQUENCY=1.0	QUALITY=5921.77;COVERAGE=133.0;FREQUENCY=1.0	QUALITY=4355.77;COVERAGE=99.0;FREQUENCY=0.99	QUALITY=196.9;COVERAGE=5.0;FREQUENCY=1.0		QUALITY=3796.77;COVERAGE=85.0;FREQUENCY=1.0	QUALITY=556.77;COVERAGE=13.0;FREQUENCY=1.0		QUALITY=196.9;COVERAGE=5.0;FREQUENCY=1.0	QUALITY=2801.77;COVERAGE=63.0;FREQUENCY=1.0	QUALITY=1766.77;COVERAGE=41.0;FREQUENCY=1.0	QUALITY=2572.77;COVERAGE=58.0;FREQUENCY=1.0	QUALITY=14336.77;COVERAGE=322.0;FREQUENCY=1.0	QUALITY=1358.77;COVERAGE=31.0;FREQUENCY=1.0	QUALITY=17718.77;COVERAGE=395.0;FREQUENCY=1.0	QUALITY=16038.77;COVERAGE=358.0;FREQUENCY=1.0	QUALITY=1006.77;COVERAGE=23.0;FREQUENCY=1.0	QUALITY=1571.77;COVERAGE=36.0;FREQUENCY=1.0		QUALITY=241.84;COVERAGE=6.0;FREQUENCY=1.0	QUALITY=190.9;COVERAGE=5.0;FREQUENCY=1.0		QUALITY=499.77;COVERAGE=12.0;FREQUENCY=1.0	QUALITY=3917.77;COVERAGE=88.0;FREQUENCY=1.0	QUALITY=6618.77;COVERAGE=148.0;FREQUENCY=1.0	QUALITY=1050.77;COVERAGE=25.0;FREQUENCY=1.0	QUALITY=1169.77;COVERAGE=27.0;FREQUENCY=1.0	QUALITY=2240.77;COVERAGE=51.0;FREQUENCY=1.0	QUALITY=1183.77;COVERAGE=27.0;FREQUENCY=1.0	QUALITY=998.77;COVERAGE=23.0;FREQUENCY=1.0	QUALITY=191.9;COVERAGE=5.0;FREQUENCY=1.0	QUALITY=8139.77;COVERAGE=182.0;FREQUENCY=1.0		QUALITY=9501.77;COVERAGE=213.0;FREQUENCY=1.0	QUALITY=1681.77;COVERAGE=38.0;FREQUENCY=1.0	QUALITY=3410.77;COVERAGE=77.0;FREQUENCY=1.0	QUALITY=10533.77;COVERAGE=236.0;FREQUENCY=1.0	QUALITY=886.77;COVERAGE=21.0;FREQUENCY=1.0	QUALITY=291.79;COVERAGE=8.0;FREQUENCY=1.0	QUALITY=6029.77;COVERAGE=135.0;FREQUENCY=1.0	QUALITY=7777.77;COVERAGE=173.0;FREQUENCY=1.0		QUALITY=466.77;COVERAGE=11.0;FREQUENCY=1.0	QUALITY=946.77;COVERAGE=22.0;FREQUENCY=1.0	QUALITY=466.77;COVERAGE=11.0;FREQUENCY=1.0			QUALITY=22541.77;COVERAGE=504.0;FREQUENCY=1.0	QUALITY=17697.77;COVERAGE=396.0;FREQUENCY=1.0		QUALITY=945.77;COVERAGE=22.0;FREQUENCY=1.0	QUALITY=2572.77;COVERAGE=58.0;FREQUENCY=1.0	QUALITY=1141.77;COVERAGE=26.0;FREQUENCY=1.0	QUALITY=5605.77;COVERAGE=126.0;FREQUENCY=1.0	QUALITY=4426.77;COVERAGE=100.0;FREQUENCY=1.0		QUALITY=10289.77;COVERAGE=230.0;FREQUENCY=1.0	QUALITY=4144.77;COVERAGE=93.0;FREQUENCY=1.0			QUALITY=4144.77;COVERAGE=93.0;FREQUENCY=1.0	QUALITY=1878.77;COVERAGE=43.0;FREQUENCY=1.0	QUALITY=18393.77;COVERAGE=419.0;FREQUENCY=1.0		QUALITY=4144.77;COVERAGE=93.0;FREQUENCY=1.0
594047																																																																	QUALITY=2536.77;COVERAGE=55.0;FREQUENCY=1.0									
594048																																																																	QUALITY=2581.77;COVERAGE=56.0;FREQUENCY=1.0									
594053																																																																	QUALITY=2715.77;COVERAGE=61.0;FREQUENCY=1.0									
594138	QUALITY=3108.77;COVERAGE=70.0;FREQUENCY=1.0	QUALITY=20702.77;COVERAGE=462.0;FREQUENCY=1.0	QUALITY=17641.77;COVERAGE=393.0;FREQUENCY=1.0	QUALITY=691.77;COVERAGE=16.0;FREQUENCY=1.0	QUALITY=2829.77;COVERAGE=64.0;FREQUENCY=1.0		QUALITY=1141.77;COVERAGE=25.0;FREQUENCY=1.0	QUALITY=9334.77;COVERAGE=209.0;FREQUENCY=1.0	QUALITY=1474.77;COVERAGE=34.0;FREQUENCY=1.0	QUALITY=376.78;COVERAGE=9.0;FREQUENCY=1.0	QUALITY=6754.77;COVERAGE=151.0;FREQUENCY=1.0	QUALITY=5583.77;COVERAGE=124.0;FREQUENCY=1.0	QUALITY=201.84;COVERAGE=6.0;FREQUENCY=1.0		QUALITY=4336.77;COVERAGE=97.0;FREQUENCY=1.0	QUALITY=511.77;COVERAGE=12.0;FREQUENCY=1.0	QUALITY=183.9;COVERAGE=5.0;FREQUENCY=1.0	QUALITY=463.77;COVERAGE=11.0;FREQUENCY=1.0	QUALITY=3307.77;COVERAGE=76.0;FREQUENCY=0.99	QUALITY=3342.77;COVERAGE=76.0;FREQUENCY=0.99	QUALITY=4117.77;COVERAGE=92.0;FREQUENCY=1.0	QUALITY=17994.77;COVERAGE=400.0;FREQUENCY=1.0	QUALITY=1566.77;COVERAGE=36.0;FREQUENCY=1.0	QUALITY=22990.77;COVERAGE=515.0;FREQUENCY=1.0	QUALITY=16845.77;COVERAGE=375.0;FREQUENCY=1.0	QUALITY=1528.77;COVERAGE=35.0;FREQUENCY=1.0	QUALITY=2951.77;COVERAGE=66.0;FREQUENCY=1.0	QUALITY=421.77;COVERAGE=10.0;FREQUENCY=1.0	QUALITY=376.78;COVERAGE=9.0;FREQUENCY=1.0	QUALITY=283.8;COVERAGE=7.0;FREQUENCY=1.0	QUALITY=228.84;COVERAGE=6.0;FREQUENCY=1.0	QUALITY=1115.77;COVERAGE=26.0;FREQUENCY=1.0	QUALITY=4370.77;COVERAGE=100.0;FREQUENCY=1.0	QUALITY=6974.77;COVERAGE=156.0;FREQUENCY=1.0	QUALITY=1202.77;COVERAGE=28.0;FREQUENCY=1.0	QUALITY=1501.77;COVERAGE=34.0;FREQUENCY=1.0	QUALITY=3592.77;COVERAGE=80.0;FREQUENCY=1.0	QUALITY=1609.77;COVERAGE=37.0;FREQUENCY=1.0	QUALITY=1366.77;COVERAGE=31.0;FREQUENCY=1.0	QUALITY=196.9;COVERAGE=5.0;FREQUENCY=1.0	QUALITY=10206.77;COVERAGE=230.0;FREQUENCY=1.0		QUALITY=10147.77;COVERAGE=227.0;FREQUENCY=1.0	QUALITY=2105.77;COVERAGE=48.0;FREQUENCY=1.0	QUALITY=4084.77;COVERAGE=92.0;FREQUENCY=1.0	QUALITY=11398.77;COVERAGE=255.0;FREQUENCY=1.0	QUALITY=1659.77;COVERAGE=37.0;FREQUENCY=1.0	QUALITY=709.77;COVERAGE=17.0;FREQUENCY=0.94	QUALITY=7333.77;COVERAGE=165.0;FREQUENCY=1.0	QUALITY=9076.77;COVERAGE=216.0;FREQUENCY=1.0	QUALITY=688.77;COVERAGE=16.0;FREQUENCY=1.0	QUALITY=736.77;COVERAGE=16.0;FREQUENCY=1.0	QUALITY=1363.77;COVERAGE=31.0;FREQUENCY=1.0	QUALITY=736.77;COVERAGE=17.0;FREQUENCY=1.0			QUALITY=21948.77;COVERAGE=517.0;FREQUENCY=0.99	QUALITY=23248.77;COVERAGE=520.0;FREQUENCY=1.0		QUALITY=916.77;COVERAGE=21.0;FREQUENCY=1.0	QUALITY=4117.77;COVERAGE=92.0;FREQUENCY=1.0	QUALITY=1141.77;COVERAGE=26.0;FREQUENCY=1.0	QUALITY=5782.77;COVERAGE=130.0;FREQUENCY=1.0		QUALITY=4117.77;COVERAGE=92.0;FREQUENCY=1.0	QUALITY=12868.77;COVERAGE=288.0;FREQUENCY=1.0	QUALITY=4370.77;COVERAGE=100.0;FREQUENCY=1.0			QUALITY=4370.77;COVERAGE=100.0;FREQUENCY=1.0	QUALITY=1466.77;COVERAGE=38.0;FREQUENCY=0.97	QUALITY=22298.77;COVERAGE=541.0;FREQUENCY=1.0		QUALITY=4370.77;COVERAGE=100.0;FREQUENCY=1.0
594143	QUALITY=3076.77;COVERAGE=69.0;FREQUENCY=1.0	QUALITY=20550.77;COVERAGE=454.0;FREQUENCY=1.0	QUALITY=17598.77;COVERAGE=388.0;FREQUENCY=1.0	QUALITY=691.77;COVERAGE=16.0;FREQUENCY=1.0	QUALITY=2755.77;COVERAGE=61.0;FREQUENCY=1.0		QUALITY=923.77;COVERAGE=26.0;FREQUENCY=1.0	QUALITY=9342.77;COVERAGE=203.0;FREQUENCY=1.0	QUALITY=1411.77;COVERAGE=32.0;FREQUENCY=1.0	QUALITY=376.78;COVERAGE=9.0;FREQUENCY=1.0	QUALITY=6767.77;COVERAGE=147.0;FREQUENCY=1.0	QUALITY=5551.77;COVERAGE=124.0;FREQUENCY=1.0			QUALITY=4336.77;COVERAGE=97.0;FREQUENCY=1.0	QUALITY=511.77;COVERAGE=12.0;FREQUENCY=1.0		QUALITY=463.77;COVERAGE=10.0;FREQUENCY=1.0	QUALITY=3278.77;COVERAGE=72.0;FREQUENCY=0.99	QUALITY=3367.77;COVERAGE=72.0;FREQUENCY=1.0	QUALITY=4060.77;COVERAGE=88.0;FREQUENCY=1.0	QUALITY=17871.77;COVERAGE=396.0;FREQUENCY=1.0	QUALITY=1535.77;COVERAGE=33.0;FREQUENCY=1.0	QUALITY=22676.77;COVERAGE=502.0;FREQUENCY=1.0	QUALITY=16765.77;COVERAGE=365.0;FREQUENCY=1.0	QUALITY=1496.77;COVERAGE=33.0;FREQUENCY=1.0	QUALITY=2955.77;COVERAGE=65.0;FREQUENCY=1.0	QUALITY=458.77;COVERAGE=10.0;FREQUENCY=1.0	QUALITY=376.78;COVERAGE=9.0;FREQUENCY=1.0	QUALITY=319.78;COVERAGE=6.0;FREQUENCY=1.0	QUALITY=196.9;COVERAGE=5.0;FREQUENCY=1.0	QUALITY=1051.77;COVERAGE=24.0;FREQUENCY=1.0		QUALITY=6943.77;COVERAGE=154.0;FREQUENCY=1.0	QUALITY=1215.77;COVERAGE=26.0;FREQUENCY=1.0	QUALITY=1539.77;COVERAGE=34.0;FREQUENCY=1.0	QUALITY=3560.77;COVERAGE=78.0;FREQUENCY=1.0	QUALITY=1613.77;COVERAGE=34.0;FREQUENCY=1.0	QUALITY=1366.77;COVERAGE=31.0;FREQUENCY=1.0	QUALITY=196.9;COVERAGE=5.0;FREQUENCY=1.0	QUALITY=10158.77;COVERAGE=223.0;FREQUENCY=1.0		QUALITY=10088.77;COVERAGE=224.0;FREQUENCY=1.0	QUALITY=2079.77;COVERAGE=46.0;FREQUENCY=1.0	QUALITY=3751.77;COVERAGE=90.0;FREQUENCY=1.0	QUALITY=11316.77;COVERAGE=248.0;FREQUENCY=1.0	QUALITY=1627.77;COVERAGE=35.0;FREQUENCY=1.0	QUALITY=709.77;COVERAGE=17.0;FREQUENCY=0.94	QUALITY=7337.77;COVERAGE=159.0;FREQUENCY=1.0	QUALITY=9578.77;COVERAGE=211.0;FREQUENCY=1.0	QUALITY=725.77;COVERAGE=16.0;FREQUENCY=1.0	QUALITY=736.77;COVERAGE=17.0;FREQUENCY=1.0	QUALITY=1258.77;COVERAGE=30.0;FREQUENCY=0.97	QUALITY=736.77;COVERAGE=17.0;FREQUENCY=1.0				QUALITY=23077.77;COVERAGE=508.0;FREQUENCY=1.0		QUALITY=916.77;COVERAGE=21.0;FREQUENCY=1.0	QUALITY=4060.77;COVERAGE=88.0;FREQUENCY=1.0	QUALITY=1141.77;COVERAGE=26.0;FREQUENCY=1.0	QUALITY=5790.77;COVERAGE=125.0;FREQUENCY=1.0		QUALITY=4060.77;COVERAGE=88.0;FREQUENCY=1.0	QUALITY=12814.77;COVERAGE=282.0;FREQUENCY=1.0								
594144	QUALITY=3076.77;COVERAGE=68.0;FREQUENCY=1.0	QUALITY=20477.77;COVERAGE=450.0;FREQUENCY=1.0	QUALITY=17517.77;COVERAGE=388.0;FREQUENCY=1.0	QUALITY=691.77;COVERAGE=16.0;FREQUENCY=1.0	QUALITY=2755.77;COVERAGE=61.0;FREQUENCY=1.0		QUALITY=1132.73;COVERAGE=26.0;FREQUENCY=1.0	QUALITY=9259.77;COVERAGE=203.0;FREQUENCY=1.0	QUALITY=1411.77;COVERAGE=32.0;FREQUENCY=1.0	QUALITY=376.78;COVERAGE=9.0;FREQUENCY=1.0	QUALITY=6731.77;COVERAGE=148.0;FREQUENCY=1.0	QUALITY=5551.77;COVERAGE=123.0;FREQUENCY=1.0			QUALITY=4336.77;COVERAGE=96.0;FREQUENCY=1.0	QUALITY=511.77;COVERAGE=11.0;FREQUENCY=1.0		QUALITY=463.77;COVERAGE=10.0;FREQUENCY=1.0	QUALITY=3242.77;COVERAGE=73.0;FREQUENCY=0.99	QUALITY=3286.77;COVERAGE=75.0;FREQUENCY=0.99	QUALITY=4015.77;COVERAGE=88.0;FREQUENCY=1.0	QUALITY=17829.77;COVERAGE=396.0;FREQUENCY=1.0	QUALITY=1535.77;COVERAGE=33.0;FREQUENCY=1.0	QUALITY=22676.77;COVERAGE=499.0;FREQUENCY=1.0	QUALITY=16619.77;COVERAGE=362.0;FREQUENCY=1.0	QUALITY=1456.77;COVERAGE=33.0;FREQUENCY=1.0	QUALITY=2915.77;COVERAGE=64.0;FREQUENCY=1.0	QUALITY=458.77;COVERAGE=10.0;FREQUENCY=1.0	QUALITY=376.78;COVERAGE=9.0;FREQUENCY=1.0	QUALITY=319.78;COVERAGE=7.0;FREQUENCY=1.0	QUALITY=196.9;COVERAGE=5.0;FREQUENCY=1.0	QUALITY=1051.77;COVERAGE=24.0;FREQUENCY=1.0		QUALITY=6943.77;COVERAGE=152.0;FREQUENCY=1.0	QUALITY=1177.77;COVERAGE=26.0;FREQUENCY=1.0	QUALITY=1539.77;COVERAGE=35.0;FREQUENCY=1.0	QUALITY=3519.77;COVERAGE=77.0;FREQUENCY=1.0	QUALITY=1531.77;COVERAGE=35.0;FREQUENCY=1.0	QUALITY=1366.77;COVERAGE=31.0;FREQUENCY=1.0	QUALITY=196.9;COVERAGE=5.0;FREQUENCY=1.0	QUALITY=10121.77;COVERAGE=220.0;FREQUENCY=1.0		QUALITY=10088.77;COVERAGE=222.0;FREQUENCY=1.0	QUALITY=2079.77;COVERAGE=47.0;FREQUENCY=1.0	QUALITY=4012.73;COVERAGE=89.0;FREQUENCY=1.0	QUALITY=11202.77;COVERAGE=248.0;FREQUENCY=1.0	QUALITY=1588.77;COVERAGE=34.0;FREQUENCY=1.0	QUALITY=666.78;COVERAGE=17.0;FREQUENCY=0.94	QUALITY=7222.77;COVERAGE=159.0;FREQUENCY=1.0	QUALITY=9539.77;COVERAGE=211.0;FREQUENCY=1.0	QUALITY=725.77;COVERAGE=17.0;FREQUENCY=1.0	QUALITY=736.77;COVERAGE=17.0;FREQUENCY=1.0	QUALITY=1258.77;COVERAGE=31.0;FREQUENCY=0.97	QUALITY=736.77;COVERAGE=17.0;FREQUENCY=1.0				QUALITY=22961.77;COVERAGE=506.0;FREQUENCY=1.0		QUALITY=916.77;COVERAGE=20.0;FREQUENCY=1.0	QUALITY=4015.77;COVERAGE=88.0;FREQUENCY=1.0	QUALITY=1141.77;COVERAGE=25.0;FREQUENCY=1.0	QUALITY=5667.77;COVERAGE=126.0;FREQUENCY=1.0		QUALITY=4015.77;COVERAGE=88.0;FREQUENCY=1.0	QUALITY=12775.77;COVERAGE=282.0;FREQUENCY=1.0								
594184	QUALITY=3342.77;COVERAGE=75.0;FREQUENCY=1.0	QUALITY=18569.77;COVERAGE=414.0;FREQUENCY=1.0	QUALITY=17231.77;COVERAGE=384.0;FREQUENCY=1.0	QUALITY=556.77;COVERAGE=13.0;FREQUENCY=1.0	QUALITY=2707.77;COVERAGE=61.0;FREQUENCY=1.0	QUALITY=331.78;COVERAGE=8.0;FREQUENCY=1.0	QUALITY=1037.77;COVERAGE=22.0;FREQUENCY=1.0	QUALITY=9410.77;COVERAGE=209.0;FREQUENCY=1.0	QUALITY=1228.77;COVERAGE=28.0;FREQUENCY=1.0	QUALITY=331.78;COVERAGE=8.0;FREQUENCY=1.0	QUALITY=7165.77;COVERAGE=157.0;FREQUENCY=1.0	QUALITY=4998.77;COVERAGE=112.0;FREQUENCY=1.0			QUALITY=4076.77;COVERAGE=90.0;FREQUENCY=1.0	QUALITY=376.78;COVERAGE=9.0;FREQUENCY=1.0		QUALITY=486.77;COVERAGE=11.0;FREQUENCY=1.0	QUALITY=3703.77;COVERAGE=83.0;FREQUENCY=0.99	QUALITY=3931.77;COVERAGE=88.0;FREQUENCY=1.0	QUALITY=4373.77;COVERAGE=96.0;FREQUENCY=1.0	QUALITY=16970.77;COVERAGE=377.0;FREQUENCY=1.0	QUALITY=1359.77;COVERAGE=30.0;FREQUENCY=1.0	QUALITY=23644.77;COVERAGE=520.0;FREQUENCY=1.0	QUALITY=18592.77;COVERAGE=411.0;FREQUENCY=1.0	QUALITY=2033.77;COVERAGE=44.0;FREQUENCY=1.0	QUALITY=3146.77;COVERAGE=70.0;FREQUENCY=1.0	QUALITY=421.77;COVERAGE=11.0;FREQUENCY=0.91	QUALITY=235.84;COVERAGE=6.0;FREQUENCY=1.0	QUALITY=241.84;COVERAGE=6.0;FREQUENCY=1.0	QUALITY=346.9;COVERAGE=10.0;FREQUENCY=0.9	QUALITY=1225.77;COVERAGE=27.0;FREQUENCY=1.0		QUALITY=6938.77;COVERAGE=155.0;FREQUENCY=1.0	QUALITY=888.77;COVERAGE=20.0;FREQUENCY=1.0	QUALITY=1823.77;COVERAGE=41.0;FREQUENCY=1.0	QUALITY=3786.77;COVERAGE=84.0;FREQUENCY=1.0	QUALITY=1616.77;COVERAGE=37.0;FREQUENCY=1.0	QUALITY=1389.77;COVERAGE=31.0;FREQUENCY=1.0	QUALITY=170.9;COVERAGE=5.0;FREQUENCY=1.0	QUALITY=9805.77;COVERAGE=218.0;FREQUENCY=1.0		QUALITY=9240.77;COVERAGE=204.0;FREQUENCY=1.0	QUALITY=2200.77;COVERAGE=48.0;FREQUENCY=1.0	QUALITY=3929.77;COVERAGE=88.0;FREQUENCY=1.0	QUALITY=10887.77;COVERAGE=237.0;FREQUENCY=1.0	QUALITY=1636.77;COVERAGE=37.0;FREQUENCY=1.0		QUALITY=7045.77;COVERAGE=155.0;FREQUENCY=1.0	QUALITY=10063.77;COVERAGE=220.0;FREQUENCY=1.0	QUALITY=889.77;COVERAGE=21.0;FREQUENCY=1.0	QUALITY=775.77;COVERAGE=17.0;FREQUENCY=1.0	QUALITY=1726.77;COVERAGE=39.0;FREQUENCY=1.0	QUALITY=686.77;COVERAGE=16.0;FREQUENCY=1.0				QUALITY=21733.77;COVERAGE=481.0;FREQUENCY=1.0		QUALITY=646.77;COVERAGE=15.0;FREQUENCY=1.0	QUALITY=4373.77;COVERAGE=96.0;FREQUENCY=1.0	QUALITY=1089.77;COVERAGE=25.0;FREQUENCY=1.0	QUALITY=6016.77;COVERAGE=133.0;FREQUENCY=1.0			QUALITY=13234.77;COVERAGE=295.0;FREQUENCY=1.0							QUALITY=856.77;COVERAGE=18.0;FREQUENCY=1.0	
594187	QUALITY=3377.77;COVERAGE=75.0;FREQUENCY=1.0	QUALITY=18452.77;COVERAGE=405.0;FREQUENCY=1.0	QUALITY=17156.77;COVERAGE=382.0;FREQUENCY=1.0	QUALITY=556.77;COVERAGE=13.0;FREQUENCY=1.0	QUALITY=2707.77;COVERAGE=59.0;FREQUENCY=1.0	QUALITY=331.78;COVERAGE=8.0;FREQUENCY=1.0	QUALITY=1072.77;COVERAGE=25.0;FREQUENCY=1.0	QUALITY=9446.77;COVERAGE=210.0;FREQUENCY=1.0	QUALITY=1228.77;COVERAGE=27.0;FREQUENCY=1.0	QUALITY=331.78;COVERAGE=8.0;FREQUENCY=1.0	QUALITY=7134.77;COVERAGE=159.0;FREQUENCY=1.0	QUALITY=4921.77;COVERAGE=110.0;FREQUENCY=1.0			QUALITY=4076.77;COVERAGE=88.0;FREQUENCY=1.0	QUALITY=376.78;COVERAGE=9.0;FREQUENCY=1.0		QUALITY=410.77;COVERAGE=10.0;FREQUENCY=1.0	QUALITY=3737.77;COVERAGE=86.0;FREQUENCY=0.99	QUALITY=3894.77;COVERAGE=87.0;FREQUENCY=1.0	QUALITY=4370.77;COVERAGE=96.0;FREQUENCY=1.0	QUALITY=16863.77;COVERAGE=376.0;FREQUENCY=1.0	QUALITY=1359.77;COVERAGE=31.0;FREQUENCY=1.0	QUALITY=23564.77;COVERAGE=519.0;FREQUENCY=1.0	QUALITY=18793.77;COVERAGE=414.0;FREQUENCY=1.0	QUALITY=2033.77;COVERAGE=46.0;FREQUENCY=1.0	QUALITY=3146.77;COVERAGE=69.0;FREQUENCY=1.0	QUALITY=421.77;COVERAGE=11.0;FREQUENCY=0.91	QUALITY=235.84;COVERAGE=5.0;FREQUENCY=1.0	QUALITY=241.84;COVERAGE=6.0;FREQUENCY=1.0	QUALITY=346.9;COVERAGE=10.0;FREQUENCY=0.9	QUALITY=1225.77;COVERAGE=28.0;FREQUENCY=1.0		QUALITY=6938.77;COVERAGE=154.0;FREQUENCY=1.0	QUALITY=925.77;COVERAGE=21.0;FREQUENCY=1.0	QUALITY=1823.77;COVERAGE=42.0;FREQUENCY=1.0	QUALITY=3858.77;COVERAGE=86.0;FREQUENCY=1.0	QUALITY=1581.77;COVERAGE=35.0;FREQUENCY=1.0	QUALITY=1350.77;COVERAGE=30.0;FREQUENCY=1.0	QUALITY=170.9;COVERAGE=5.0;FREQUENCY=1.0	QUALITY=9767.77;COVERAGE=215.0;FREQUENCY=1.0		QUALITY=9209.77;COVERAGE=203.0;FREQUENCY=1.0	QUALITY=2200.77;COVERAGE=48.0;FREQUENCY=1.0	QUALITY=3929.77;COVERAGE=87.0;FREQUENCY=1.0	QUALITY=10846.77;COVERAGE=244.0;FREQUENCY=1.0	QUALITY=1636.77;COVERAGE=37.0;FREQUENCY=1.0		QUALITY=7006.77;COVERAGE=156.0;FREQUENCY=1.0	QUALITY=10078.77;COVERAGE=224.0;FREQUENCY=1.0	QUALITY=889.77;COVERAGE=21.0;FREQUENCY=1.0	QUALITY=811.77;COVERAGE=19.0;FREQUENCY=1.0	QUALITY=1763.77;COVERAGE=40.0;FREQUENCY=1.0	QUALITY=646.77;COVERAGE=15.0;FREQUENCY=1.0				QUALITY=21835.77;COVERAGE=488.0;FREQUENCY=1.0		QUALITY=646.77;COVERAGE=15.0;FREQUENCY=1.0	QUALITY=4370.77;COVERAGE=96.0;FREQUENCY=1.0	QUALITY=1089.77;COVERAGE=25.0;FREQUENCY=1.0	QUALITY=6053.77;COVERAGE=135.0;FREQUENCY=1.0			QUALITY=13378.77;COVERAGE=298.0;FREQUENCY=1.0							QUALITY=856.77;COVERAGE=20.0;FREQUENCY=1.0	
594215	QUALITY=3151.77;COVERAGE=70.0;FREQUENCY=1.0	QUALITY=16945.77;COVERAGE=378.0;FREQUENCY=1.0	QUALITY=16372.77;COVERAGE=367.0;FREQUENCY=1.0	QUALITY=777.77;COVERAGE=18.0;FREQUENCY=1.0	QUALITY=2661.77;COVERAGE=59.0;FREQUENCY=1.0	QUALITY=463.77;COVERAGE=11.0;FREQUENCY=1.0	QUALITY=1183.77;COVERAGE=27.0;FREQUENCY=1.0	QUALITY=9579.77;COVERAGE=212.0;FREQUENCY=1.0	QUALITY=1178.77;COVERAGE=27.0;FREQUENCY=1.0	QUALITY=324.78;COVERAGE=8.0;FREQUENCY=1.0	QUALITY=7148.77;COVERAGE=160.0;FREQUENCY=1.0	QUALITY=4692.77;COVERAGE=106.0;FREQUENCY=1.0			QUALITY=3899.77;COVERAGE=87.0;FREQUENCY=1.0	QUALITY=331.78;COVERAGE=8.0;FREQUENCY=1.0	QUALITY=196.9;COVERAGE=5.0;FREQUENCY=1.0	QUALITY=680.77;COVERAGE=16.0;FREQUENCY=1.0	QUALITY=3925.77;COVERAGE=87.0;FREQUENCY=0.99	QUALITY=3886.77;COVERAGE=87.0;FREQUENCY=1.0	QUALITY=4410.77;COVERAGE=97.0;FREQUENCY=1.0	QUALITY=16785.77;COVERAGE=377.0;FREQUENCY=0.99	QUALITY=1318.77;COVERAGE=30.0;FREQUENCY=1.0	QUALITY=23675.77;COVERAGE=525.0;FREQUENCY=1.0	QUALITY=19582.77;COVERAGE=433.0;FREQUENCY=1.0	QUALITY=2176.77;COVERAGE=48.0;FREQUENCY=1.0	QUALITY=2964.77;COVERAGE=65.0;FREQUENCY=1.0	QUALITY=456.77;COVERAGE=12.0;FREQUENCY=0.92	QUALITY=241.84;COVERAGE=6.0;FREQUENCY=1.0	QUALITY=421.77;COVERAGE=9.0;FREQUENCY=1.0	QUALITY=466.77;COVERAGE=10.0;FREQUENCY=1.0	QUALITY=1294.77;COVERAGE=30.0;FREQUENCY=1.0	QUALITY=4229.77;COVERAGE=95.0;FREQUENCY=1.0	QUALITY=6417.77;COVERAGE=144.0;FREQUENCY=1.0	QUALITY=953.77;COVERAGE=22.0;FREQUENCY=1.0	QUALITY=1808.77;COVERAGE=40.0;FREQUENCY=1.0	QUALITY=4130.77;COVERAGE=93.0;FREQUENCY=0.99	QUALITY=1315.77;COVERAGE=29.0;FREQUENCY=1.0	QUALITY=1311.77;COVERAGE=30.0;FREQUENCY=1.0		QUALITY=9208.77;COVERAGE=204.0;FREQUENCY=1.0		QUALITY=9342.77;COVERAGE=207.0;FREQUENCY=1.0	QUALITY=2123.77;COVERAGE=48.0;FREQUENCY=1.0	QUALITY=4195.77;COVERAGE=94.0;FREQUENCY=1.0	QUALITY=11262.77;COVERAGE=251.0;FREQUENCY=1.0	QUALITY=1900.77;COVERAGE=41.0;FREQUENCY=1.0	QUALITY=863.77;COVERAGE=20.0;FREQUENCY=1.0	QUALITY=7264.77;COVERAGE=162.0;FREQUENCY=1.0	QUALITY=10272.77;COVERAGE=223.0;FREQUENCY=1.0	QUALITY=451.77;COVERAGE=10.0;FREQUENCY=1.0	QUALITY=645.77;COVERAGE=15.0;FREQUENCY=1.0	QUALITY=1625.77;COVERAGE=36.0;FREQUENCY=1.0	QUALITY=646.77;COVERAGE=15.0;FREQUENCY=1.0			QUALITY=18925.77;COVERAGE=421.0;FREQUENCY=1.0	QUALITY=20813.77;COVERAGE=463.0;FREQUENCY=1.0		QUALITY=688.77;COVERAGE=16.0;FREQUENCY=1.0	QUALITY=4410.77;COVERAGE=97.0;FREQUENCY=1.0	QUALITY=1096.77;COVERAGE=25.0;FREQUENCY=1.0	QUALITY=6181.77;COVERAGE=138.0;FREQUENCY=1.0		QUALITY=2882.77;COVERAGE=65.0;FREQUENCY=1.0	QUALITY=12620.77;COVERAGE=281.0;FREQUENCY=1.0				QUALITY=4410.77;COVERAGE=97.0;FREQUENCY=1.0	QUALITY=1351.77;COVERAGE=31.0;FREQUENCY=1.0	QUALITY=19909.77;COVERAGE=464.0;FREQUENCY=0.98	QUALITY=585.77;COVERAGE=14.0;FREQUENCY=1.0	QUALITY=4410.77;COVERAGE=97.0;FREQUENCY=1.0
594218																																																																									QUALITY=550.77;COVERAGE=12.0;FREQUENCY=1.0	
594218+1																																																																	QUALITY=2835.73;COVERAGE=62.0;FREQUENCY=1.0									
594218+2																																																																	QUALITY=2835.73;COVERAGE=62.0;FREQUENCY=1.0									
594218+3																																																																	QUALITY=2835.73;COVERAGE=62.0;FREQUENCY=1.0									
594218+4																																																																	QUALITY=2835.73;COVERAGE=62.0;FREQUENCY=1.0									
594219																																																																									QUALITY=550.77;COVERAGE=12.0;FREQUENCY=1.0	
594221	QUALITY=3076.77;COVERAGE=69.0;FREQUENCY=1.0	QUALITY=16646.77;COVERAGE=357.0;FREQUENCY=1.0	QUALITY=16070.77;COVERAGE=347.0;FREQUENCY=1.0	QUALITY=814.77;COVERAGE=16.0;FREQUENCY=1.0	QUALITY=2620.77;COVERAGE=57.0;FREQUENCY=1.0	QUALITY=463.77;COVERAGE=10.0;FREQUENCY=1.0	QUALITY=1183.77;COVERAGE=26.0;FREQUENCY=1.0	QUALITY=9541.77;COVERAGE=209.0;FREQUENCY=1.0	QUALITY=1141.77;COVERAGE=26.0;FREQUENCY=1.0	QUALITY=286.8;COVERAGE=7.0;FREQUENCY=1.0	QUALITY=7073.77;COVERAGE=155.0;FREQUENCY=1.0	QUALITY=4645.77;COVERAGE=102.0;FREQUENCY=1.0			QUALITY=3742.77;COVERAGE=82.0;FREQUENCY=1.0	QUALITY=331.78;COVERAGE=8.0;FREQUENCY=1.0	QUALITY=196.9;COVERAGE=5.0;FREQUENCY=1.0	QUALITY=641.77;COVERAGE=14.0;FREQUENCY=1.0	QUALITY=3925.77;COVERAGE=88.0;FREQUENCY=0.99	QUALITY=3816.77;COVERAGE=75.0;FREQUENCY=1.0	QUALITY=4287.77;COVERAGE=89.0;FREQUENCY=1.0	QUALITY=16750.77;COVERAGE=362.0;FREQUENCY=1.0	QUALITY=1318.77;COVERAGE=29.0;FREQUENCY=1.0	QUALITY=23254.77;COVERAGE=510.0;FREQUENCY=1.0	QUALITY=19168.77;COVERAGE=417.0;FREQUENCY=1.0	QUALITY=2176.77;COVERAGE=47.0;FREQUENCY=1.0	QUALITY=2926.77;COVERAGE=62.0;FREQUENCY=1.0	QUALITY=456.77;COVERAGE=10.0;FREQUENCY=0.9	QUALITY=241.84;COVERAGE=6.0;FREQUENCY=1.0	QUALITY=421.77;COVERAGE=10.0;FREQUENCY=1.0	QUALITY=466.77;COVERAGE=11.0;FREQUENCY=1.0	QUALITY=1221.77;COVERAGE=25.0;FREQUENCY=1.0	QUALITY=4108.77;COVERAGE=80.0;FREQUENCY=1.0	QUALITY=6257.77;COVERAGE=137.0;FREQUENCY=1.0	QUALITY=953.77;COVERAGE=20.0;FREQUENCY=1.0	QUALITY=1808.77;COVERAGE=39.0;FREQUENCY=1.0	QUALITY=4015.77;COVERAGE=82.0;FREQUENCY=0.98	QUALITY=1315.77;COVERAGE=28.0;FREQUENCY=1.0	QUALITY=1311.77;COVERAGE=27.0;FREQUENCY=1.0		QUALITY=9172.77;COVERAGE=199.0;FREQUENCY=1.0		QUALITY=9231.77;COVERAGE=203.0;FREQUENCY=1.0	QUALITY=2086.77;COVERAGE=47.0;FREQUENCY=1.0	QUALITY=4188.77;COVERAGE=89.0;FREQUENCY=1.0	QUALITY=11156.77;COVERAGE=243.0;FREQUENCY=1.0	QUALITY=1937.77;COVERAGE=41.0;FREQUENCY=1.0	QUALITY=863.77;COVERAGE=17.0;FREQUENCY=1.0	QUALITY=7158.77;COVERAGE=153.0;FREQUENCY=1.0	QUALITY=10197.77;COVERAGE=221.0;FREQUENCY=1.0	QUALITY=451.77;COVERAGE=9.0;FREQUENCY=1.0	QUALITY=645.77;COVERAGE=14.0;FREQUENCY=1.0	QUALITY=1621.77;COVERAGE=33.0;FREQUENCY=1.0	QUALITY=646.77;COVERAGE=15.0;FREQUENCY=1.0			QUALITY=18572.77;COVERAGE=382.0;FREQUENCY=1.0	QUALITY=20620.77;COVERAGE=441.0;FREQUENCY=1.0		QUALITY=688.77;COVERAGE=15.0;FREQUENCY=1.0	QUALITY=4287.77;COVERAGE=89.0;FREQUENCY=1.0	QUALITY=1096.77;COVERAGE=25.0;FREQUENCY=1.0	QUALITY=6191.77;COVERAGE=132.0;FREQUENCY=1.0		QUALITY=2796.73;COVERAGE=60.0;FREQUENCY=1.0	QUALITY=12511.77;COVERAGE=276.0;FREQUENCY=1.0	QUALITY=4146.77;COVERAGE=92.0;FREQUENCY=1.0			QUALITY=4287.77;COVERAGE=89.0;FREQUENCY=1.0	QUALITY=1313.77;COVERAGE=28.0;FREQUENCY=1.0	QUALITY=18881.77;COVERAGE=377.0;FREQUENCY=0.98	QUALITY=511.77;COVERAGE=12.0;FREQUENCY=1.0	QUALITY=4287.77;COVERAGE=89.0;FREQUENCY=1.0
594222	QUALITY=3076.77;COVERAGE=69.0;FREQUENCY=1.0	QUALITY=16607.77;COVERAGE=357.0;FREQUENCY=1.0	QUALITY=15999.77;COVERAGE=347.0;FREQUENCY=1.0	QUALITY=814.77;COVERAGE=17.0;FREQUENCY=1.0	QUALITY=2620.77;COVERAGE=57.0;FREQUENCY=1.0	QUALITY=463.77;COVERAGE=10.0;FREQUENCY=1.0	QUALITY=1183.77;COVERAGE=25.0;FREQUENCY=1.0	QUALITY=9503.77;COVERAGE=209.0;FREQUENCY=1.0	QUALITY=1141.77;COVERAGE=26.0;FREQUENCY=1.0	QUALITY=286.8;COVERAGE=7.0;FREQUENCY=1.0	QUALITY=7073.77;COVERAGE=155.0;FREQUENCY=1.0	QUALITY=4603.77;COVERAGE=102.0;FREQUENCY=1.0			QUALITY=3703.77;COVERAGE=82.0;FREQUENCY=1.0	QUALITY=331.78;COVERAGE=8.0;FREQUENCY=1.0	QUALITY=196.9;COVERAGE=5.0;FREQUENCY=1.0	QUALITY=641.77;COVERAGE=14.0;FREQUENCY=1.0	QUALITY=3925.77;COVERAGE=88.0;FREQUENCY=0.99	QUALITY=3816.77;COVERAGE=74.0;FREQUENCY=1.0	QUALITY=4242.77;COVERAGE=89.0;FREQUENCY=1.0	QUALITY=16708.77;COVERAGE=361.0;FREQUENCY=1.0	QUALITY=1318.77;COVERAGE=28.0;FREQUENCY=1.0	QUALITY=23216.77;COVERAGE=509.0;FREQUENCY=1.0	QUALITY=19127.77;COVERAGE=416.0;FREQUENCY=1.0	QUALITY=2176.77;COVERAGE=47.0;FREQUENCY=1.0	QUALITY=2926.77;COVERAGE=63.0;FREQUENCY=1.0	QUALITY=456.77;COVERAGE=10.0;FREQUENCY=0.9	QUALITY=241.84;COVERAGE=5.0;FREQUENCY=1.0	QUALITY=421.77;COVERAGE=10.0;FREQUENCY=1.0	QUALITY=466.77;COVERAGE=11.0;FREQUENCY=1.0	QUALITY=1180.77;COVERAGE=25.0;FREQUENCY=1.0	QUALITY=4108.77;COVERAGE=79.0;FREQUENCY=1.0	QUALITY=6220.77;COVERAGE=136.0;FREQUENCY=1.0	QUALITY=953.77;COVERAGE=20.0;FREQUENCY=1.0	QUALITY=1769.77;COVERAGE=39.0;FREQUENCY=1.0	QUALITY=3974.77;COVERAGE=80.0;FREQUENCY=0.97	QUALITY=1271.77;COVERAGE=28.0;FREQUENCY=1.0	QUALITY=1270.77;COVERAGE=27.0;FREQUENCY=1.0	QUALITY=190.9;COVERAGE=5.0;FREQUENCY=1.0	QUALITY=9092.77;COVERAGE=199.0;FREQUENCY=1.0		QUALITY=9190.77;COVERAGE=202.0;FREQUENCY=1.0	QUALITY=2086.77;COVERAGE=46.0;FREQUENCY=1.0	QUALITY=4188.77;COVERAGE=90.0;FREQUENCY=1.0	QUALITY=11156.77;COVERAGE=243.0;FREQUENCY=1.0	QUALITY=1937.77;COVERAGE=42.0;FREQUENCY=1.0	QUALITY=863.77;COVERAGE=17.0;FREQUENCY=1.0	QUALITY=7158.77;COVERAGE=154.0;FREQUENCY=1.0	QUALITY=10120.77;COVERAGE=221.0;FREQUENCY=1.0	QUALITY=451.77;COVERAGE=9.0;FREQUENCY=1.0	QUALITY=645.77;COVERAGE=14.0;FREQUENCY=1.0	QUALITY=1579.77;COVERAGE=34.0;FREQUENCY=1.0	QUALITY=646.77;COVERAGE=15.0;FREQUENCY=1.0			QUALITY=18399.77;COVERAGE=385.0;FREQUENCY=1.0	QUALITY=20499.77;COVERAGE=438.0;FREQUENCY=1.0		QUALITY=688.77;COVERAGE=15.0;FREQUENCY=1.0	QUALITY=4242.77;COVERAGE=89.0;FREQUENCY=1.0	QUALITY=1096.77;COVERAGE=25.0;FREQUENCY=1.0	QUALITY=6149.77;COVERAGE=135.0;FREQUENCY=1.0		QUALITY=2796.73;COVERAGE=60.0;FREQUENCY=1.0	QUALITY=12475.77;COVERAGE=275.0;FREQUENCY=1.0	QUALITY=4146.77;COVERAGE=92.0;FREQUENCY=1.0			QUALITY=4242.77;COVERAGE=89.0;FREQUENCY=1.0	QUALITY=1313.77;COVERAGE=28.0;FREQUENCY=1.0	QUALITY=18913.77;COVERAGE=373.0;FREQUENCY=0.98	QUALITY=511.77;COVERAGE=12.0;FREQUENCY=1.0	QUALITY=4242.77;COVERAGE=89.0;FREQUENCY=1.0
594223																																																																	QUALITY=2796.73;COVERAGE=60.0;FREQUENCY=1.0									
594224																																																																	QUALITY=2796.73;COVERAGE=60.0;FREQUENCY=1.0									
594225																																	QUALITY=3659.77;COVERAGE=82.0;FREQUENCY=1.0																																QUALITY=2716.77;COVERAGE=61.0;FREQUENCY=1.0							QUALITY=16530.77;COVERAGE=378.0;FREQUENCY=0.98		
594318																																																																	QUALITY=4428.77;COVERAGE=100.0;FREQUENCY=1.0									
594364													QUALITY=440.77;COVERAGE=12.0;FREQUENCY=1.0																				QUALITY=4432.77;COVERAGE=100.0;FREQUENCY=1.0																																QUALITY=4432.77;COVERAGE=100.0;FREQUENCY=1.0		QUALITY=4432.77;COVERAGE=100.0;FREQUENCY=1.0			QUALITY=4432.77;COVERAGE=100.0;FREQUENCY=1.0	QUALITY=1574.77;COVERAGE=41.0;FREQUENCY=1.0	QUALITY=20637.77;COVERAGE=514.0;FREQUENCY=0.99		QUALITY=4432.77;COVERAGE=100.0;FREQUENCY=1.0
594378																																																																										QUALITY=4426.77;COVERAGE=100.0;FREQUENCY=1.0
594508													QUALITY=421.77;COVERAGE=11.0;FREQUENCY=1.0																				QUALITY=4434.77;COVERAGE=100.0;FREQUENCY=1.0																																		QUALITY=4434.77;COVERAGE=100.0;FREQUENCY=1.0			QUALITY=4434.77;COVERAGE=100.0;FREQUENCY=1.0	QUALITY=1944.77;COVERAGE=50.0;FREQUENCY=0.98	QUALITY=18425.77;COVERAGE=452.0;FREQUENCY=1.0		QUALITY=4434.77;COVERAGE=100.0;FREQUENCY=1.0
594516																																																																	QUALITY=4435.77;COVERAGE=100.0;FREQUENCY=1.0									
594547																																																																	QUALITY=4419.77;COVERAGE=100.0;FREQUENCY=1.0									
594571	QUALITY=1391.77;COVERAGE=33.0;FREQUENCY=1.0	QUALITY=21988.77;COVERAGE=508.0;FREQUENCY=1.0	QUALITY=11249.77;COVERAGE=281.0;FREQUENCY=0.99	QUALITY=855.77;COVERAGE=21.0;FREQUENCY=1.0	QUALITY=2211.77;COVERAGE=54.0;FREQUENCY=0.98		QUALITY=749.77;COVERAGE=20.0;FREQUENCY=0.95	QUALITY=7812.77;COVERAGE=185.0;FREQUENCY=1.0	QUALITY=1298.77;COVERAGE=33.0;FREQUENCY=0.94		QUALITY=6483.77;COVERAGE=154.0;FREQUENCY=1.0	QUALITY=3468.77;COVERAGE=83.0;FREQUENCY=1.0			QUALITY=3926.77;COVERAGE=95.0;FREQUENCY=0.99	QUALITY=441.77;COVERAGE=11.0;FREQUENCY=1.0	QUALITY=298.78;COVERAGE=8.0;FREQUENCY=1.0	QUALITY=1006.77;COVERAGE=30.0;FREQUENCY=0.9	QUALITY=2864.77;COVERAGE=78.0;FREQUENCY=0.95	QUALITY=3041.77;COVERAGE=76.0;FREQUENCY=0.99	QUALITY=4434.77;COVERAGE=100.0;FREQUENCY=1.0	QUALITY=17099.77;COVERAGE=438.0;FREQUENCY=0.98	QUALITY=836.77;COVERAGE=20.0;FREQUENCY=1.0	QUALITY=17160.77;COVERAGE=408.0;FREQUENCY=1.0	QUALITY=14679.77;COVERAGE=345.0;FREQUENCY=1.0	QUALITY=1858.77;COVERAGE=43.0;FREQUENCY=1.0	QUALITY=2315.77;COVERAGE=57.0;FREQUENCY=1.0				QUALITY=357.78;COVERAGE=9.0;FREQUENCY=1.0	QUALITY=712.77;COVERAGE=18.0;FREQUENCY=1.0		QUALITY=5959.77;COVERAGE=143.0;FREQUENCY=0.99	QUALITY=729.77;COVERAGE=18.0;FREQUENCY=1.0	QUALITY=1599.77;COVERAGE=39.0;FREQUENCY=1.0	QUALITY=2338.77;COVERAGE=58.0;FREQUENCY=1.0	QUALITY=1456.77;COVERAGE=37.0;FREQUENCY=0.97	QUALITY=871.77;COVERAGE=21.0;FREQUENCY=1.0		QUALITY=10231.77;COVERAGE=241.0;FREQUENCY=1.0		QUALITY=8439.77;COVERAGE=199.0;FREQUENCY=1.0	QUALITY=1976.77;COVERAGE=47.0;FREQUENCY=1.0	QUALITY=5088.77;COVERAGE=129.0;FREQUENCY=0.99	QUALITY=9553.77;COVERAGE=232.0;FREQUENCY=0.99	QUALITY=1406.77;COVERAGE=34.0;FREQUENCY=1.0		QUALITY=6955.77;COVERAGE=167.0;FREQUENCY=1.0	QUALITY=8642.77;COVERAGE=206.0;FREQUENCY=0.99	QUALITY=349.77;COVERAGE=11.0;FREQUENCY=0.91	QUALITY=391.77;COVERAGE=10.0;FREQUENCY=1.0	QUALITY=1515.77;COVERAGE=36.0;FREQUENCY=1.0	QUALITY=364.78;COVERAGE=9.0;FREQUENCY=1.0				QUALITY=20908.77;COVERAGE=531.0;FREQUENCY=0.98		QUALITY=525.77;COVERAGE=13.0;FREQUENCY=1.0	QUALITY=4434.77;COVERAGE=100.0;FREQUENCY=1.0	QUALITY=816.77;COVERAGE=20.0;FREQUENCY=1.0	QUALITY=4567.77;COVERAGE=115.0;FREQUENCY=1.0			QUALITY=10662.77;COVERAGE=251.0;FREQUENCY=1.0								
